"command_id","command_code","universe_key","command","card_count"
"6db83801-76d6-54ec-8927-0f07134ddd6d","RCIA-CMD-0001","visuels","/animecityportrait","1"
"48774ad0-0dae-51a0-8391-6d345e878581","RCIA-CMD-0002","visuels","/comicpage","23"
"4495c9e4-595e-5b27-887e-dfd11aec65f3","RCIA-CMD-0003","visuels","/comicpanelstory","3"
"4e05a8a8-0f7f-5b1f-8dfe-27753bed23db","RCIA-CMD-0004","visuels","/giantcompanion","1"
"39205192-edb1-52aa-ae23-4afbea9490cb","RCIA-CMD-0005","visuels","/retrocartoonscene","1"
"3de071ae-2bf4-5de2-9314-0d7a4f24b752","RCIA-CMD-0006","visuels","/storyboard","2"
"1e114b08-0b90-5b22-8564-5b728b904407","RCIA-CMD-0007","visuels","/toonencounter3d","1"
"6079200f-04b9-54a3-966c-a2ca6bdc1b92","RCIA-CMD-0008","visuels","/retrofuture","1"
"e7487a11-843d-53cc-8f4d-8109f3e08045","RCIA-CMD-0009","visuels","/billboardescape","1"
"48835cd6-2e8e-5ad1-a2c0-c69602b66701","RCIA-CMD-0010","visuels","/cutoutreality","2"
"4453325f-7048-5974-9937-370ee47be985","RCIA-CMD-0011","visuels","/dioramaportrait","2"
"c1aa3ab9-4b96-506e-9d01-8364fad7d96b","RCIA-CMD-0012","visuels","/emberportrait","1"
"d4b61176-cba8-5ed8-a10c-aeb011873b06","RCIA-CMD-0013","visuels","/epicarrival","2"
"6a017126-d334-5f8e-95e3-53da66dfb3ff","RCIA-CMD-0014","visuels","/floatingstairs","1"
"d3b04fe7-e855-5fa1-8aa7-6cc44088ad5a","RCIA-CMD-0015","visuels","/forcedperspective","2"
"bd576d3c-2ea5-5636-8ac5-771957fc3a42","RCIA-CMD-0016","visuels","/giantprop","2"
"57b2e69a-715e-5d95-b4ac-bb7892e79d12","RCIA-CMD-0017","visuels","/invisiblepedestal","1"
"5d85122e-0327-528e-91b0-cae75ee6921b","RCIA-CMD-0018","visuels","/levitatingdesk","2"
"a44cd636-4e88-5a34-8b00-4c91282ee032","RCIA-CMD-0019","visuels","/loopavenue","1"
"25afa11b-dcbd-54f7-9c57-6389559cc824","RCIA-CMD-0020","visuels","/miniaturecity","2"
"5527ea5c-7260-5fe0-8b50-614f092a7d1a","RCIA-CMD-0021","visuels","/mirrortriptych","1"
"f6a9933b-26b9-5c0b-b4db-75f43985e548","RCIA-CMD-0022","visuels","/mirrorworld","2"
"5147f005-534f-5a88-85cf-3f0b78e2dfa3","RCIA-CMD-0023","visuels","/paperbreakphoto","2"
"7135aec3-4b30-54f6-b0d8-f04c2aa2bef4","RCIA-CMD-0024","visuels","/portalstep","2"
"17a8597e-2f72-57b5-964a-3bc899abd2f0","RCIA-CMD-0025","visuels","/premierenight","1"
"dcddaf06-ad46-5263-ba8e-8bf2bb3da492","RCIA-CMD-0026","visuels","/scifiportalportrait","2"
"38c775cf-0301-53ce-b186-7985ab150e0a","RCIA-CMD-0027","visuels","/shadowstory","1"
"8a970bc2-288e-592d-a30f-557eaa3243c3","RCIA-CMD-0028","visuels","/socialframe","1"
"21d675c1-4fc6-592b-96f9-6b1d822d2bfb","RCIA-CMD-0029","visuels","/tabletophero","2"
"df2e704b-f34b-5174-8843-af4ab81f9828","RCIA-CMD-0030","visuels","/vfxdouble","2"
"ee3d719e-d465-513e-b7d5-3b3213db0f7c","RCIA-CMD-0031","visuels","/cinematicstill","1"
"016e96a7-8e44-5612-872a-3c4b4386b87a","RCIA-CMD-0032","visuels","/muralself","1"
"700c72e1-9206-5fe7-9374-ff1386596c50","RCIA-CMD-0033","visuels","/nollywoodscene","1"
"d4425e88-aa02-5315-befc-12dbd3a4abf1","RCIA-CMD-0034","visuels","/parallelself","1"
"a835518f-4f8a-5d43-a7da-eae8b6ac63c9","RCIA-CMD-0035","visuels","/portraitcinema","1"
"636bf626-4cea-59eb-80ef-bc5678dbbff5","RCIA-CMD-0036","visuels","/royalcoronation","1"
"22d41afc-70d3-5d2b-bcd8-8df447ce9bbf","RCIA-CMD-0037","visuels","/sportshero","1"
"159bc2ef-7c61-53b5-a727-e64b190417cd","RCIA-CMD-0038","visuels","/statueself","1"
"c548ebb4-9c8e-5a20-9510-76ad3039bcf4","RCIA-CMD-0039","visuels","/surrealgiant","1"
"b3e11683-cfb8-59cc-be04-aac4bc80c374","RCIA-CMD-0040","visuels","/biolight","2"
"f801c7e9-4d24-5fc8-ad0e-512c7c9cd9b2","RCIA-CMD-0041","visuels","/collage","3"
"e06c330a-4f70-58ee-aa4f-c19f3c0abdfb","RCIA-CMD-0042","visuels","/digitalart","3"
"813cf0fd-1b84-54d0-88af-096104a253b0","RCIA-CMD-0043","visuels","/glassskin","1"
"6e5a49a2-22fe-5886-9c7a-746d507a6d25","RCIA-CMD-0044","visuels","/icearmor","1"
"e5ccac2b-41ff-5212-9a69-174babf4163b","RCIA-CMD-0045","visuels","/liquidchrome","1"
"6839ce2a-a31b-55e2-a16c-56182d9adba2","RCIA-CMD-0046","visuels","/materialportrait","23"
"92b2175d-e10b-5521-b509-314d51b4adae","RCIA-CMD-0047","visuels","/petalburst","1"
"bfc4a909-2cd5-5078-a0e3-42a60081ee21","RCIA-CMD-0048","visuels","/ribbonform","1"
"88cd2456-489d-5be7-93fa-e4a9c66d94a5","RCIA-CMD-0049","visuels","/sandfade","2"
"caea2863-a537-5749-86e9-4882488fe755","RCIA-CMD-0050","visuels","/satireline","1"
"a9c3a93a-388e-54c4-a010-48a1a3800527","RCIA-CMD-0051","visuels","/smoketail","1"
"079b32a3-e373-5bae-90e2-019824117cdf","RCIA-CMD-0052","visuels","/streetart","3"
"b041f253-fb09-5952-8f9f-fc5e89e41554","RCIA-CMD-0053","visuels","/surfacepoetry","3"
"8ee86770-0f3e-56c6-b5df-da9e9b650c81","RCIA-CMD-0054","visuels","/waterbody","2"
"10a3fbe5-89c1-53b7-8532-39f284f98b5a","RCIA-CMD-0055","visuels","/clay","1"
"6b7f5eef-23fc-5658-8fb5-4671f2aa3db1","RCIA-CMD-0056","visuels","/claymation","1"
"a6dbf7c9-fbd9-5a78-bb1e-01ba621e3755","RCIA-CMD-0057","visuels","/crochet","1"
"077c189e-6dae-5b75-86bf-92dad1d4668c","RCIA-CMD-0058","visuels","/etching","1"
"bb6a08af-093e-5ee2-ac5d-dd9e1c936e2e","RCIA-CMD-0059","visuels","/halftonepress","1"
"bbbf19e5-f790-5cd5-b2cd-5b5f02a99164","RCIA-CMD-0060","visuels","/origami","1"
"e57150c8-93d0-5def-aa4b-0ecc70bec803","RCIA-CMD-0061","visuels","/scanography","1"
"89eaf187-a5dc-5953-997f-eb63ee59cb51","RCIA-CMD-0062","visuels","/sketch","1"
"5dcd293b-bd7b-54f9-8bdb-3de426cf9eeb","RCIA-CMD-0063","visuels","/watercolor","1"
"50fd7d5c-13ca-5b5c-bbcb-5204a89cd2d6","RCIA-CMD-0064","visuels","/woodcarve","1"
"dd3bffe2-cd5d-5145-8c50-14c07bf0438a","RCIA-CMD-0065","visuels","/xeroxzine","1"
"38b961f6-a139-54e4-9830-4aa288f3357e","RCIA-CMD-0066","visuels","/afterimage","2"
"f75cbc6c-d90f-5a34-a5f6-7dbcbb2ecaf0","RCIA-CMD-0067","visuels","/bulletmoment","2"
"1dacf6a2-bbe4-503d-ad88-545c9518806d","RCIA-CMD-0068","visuels","/causticportrait","1"
"e2fd3e4a-cc0c-5ccc-bf9b-3e24beacde93","RCIA-CMD-0069","visuels","/digitalglitch","2"
"74a4558a-beb4-5a6e-a7e8-54ffc92b9fe0","RCIA-CMD-0070","visuels","/eclipseportrait","1"
"2c9371cb-3446-544a-84d6-9f0c8e144c41","RCIA-CMD-0071","visuels","/frozenimpact","1"
"984076c3-b5f0-548f-90bc-e6c7004f6bb2","RCIA-CMD-0072","visuels","/hologlass","1"
"ccad1aa1-a036-58b5-bcb6-8c54579b90ea","RCIA-CMD-0073","visuels","/lensdream","2"
"35e60262-1884-5c20-99cd-06ac2015d926","RCIA-CMD-0074","visuels","/lightpainting","2"
"11fdc556-aba3-5e05-b730-7b998025788f","RCIA-CMD-0075","visuels","/motionblurportrait","2"
"eb1e409c-3574-50fe-a670-c079d9cfa5a5","RCIA-CMD-0076","visuels","/orbitmotion","2"
"24076a5b-f52f-590f-aef9-435415bcea7d","RCIA-CMD-0077","visuels","/prismtrail","1"
"24701d31-c36f-5020-8e83-c97c6a17a5b3","RCIA-CMD-0078","visuels","/projectedworld","2"
"a7e6a47a-57a5-50c9-b4eb-dd109ad52504","RCIA-CMD-0079","visuels","/rainbowshadow","1"
"faffc047-c8b7-58fa-8e4d-cb80578ea08d","RCIA-CMD-0080","visuels","/scanwave","2"
"5a2ce67a-2a80-5a46-bb33-a6a0845e78de","RCIA-CMD-0081","visuels","/speedrampstill","2"
"3e4f3720-f7be-5c6f-b34a-0f6977b96572","RCIA-CMD-0082","visuels","/timeslice","2"
"64c92e2f-b5e8-5842-9780-3cfb54914d63","RCIA-CMD-0083","visuels","/volumetriclight","2"
"4cdb84c7-76b5-52bb-8402-d0aaf32a8b11","RCIA-CMD-0084","visuels","/datamosh","1"
"5d5f1bb4-0377-5645-89a2-62f8165405c9","RCIA-CMD-0085","visuels","/doubleexposure","1"
"237fa501-046a-505b-8673-f2b3359eb570","RCIA-CMD-0086","visuels","/fisheyeflash","1"
"ad4b1c4e-7828-563c-bea0-691fff8e5fe0","RCIA-CMD-0087","visuels","/lenticularshift","1"
"3037d60e-7d76-5b58-8dce-02a92f4fd29b","RCIA-CMD-0088","visuels","/lightleakfilm","1"
"616cd131-d82a-5150-ac4a-dc6be40c5b2a","RCIA-CMD-0089","visuels","/liquidmetal","1"
"7b1a207a-d15f-5f1d-9a3a-d6b9e4ee5e7c","RCIA-CMD-0090","visuels","/longexposuretrail","1"
"dbaadea3-3e61-5dcb-8c55-ab716e2c0a8a","RCIA-CMD-0091","visuels","/tiltshift","1"
"445f616a-0bd5-5ef0-9139-7c85b461e1cd","RCIA-CMD-0092","visuels","/urbanstillness","1"
"0bb004cf-dbc6-5721-b8d0-5c7b28559beb","RCIA-CMD-0093","visuels","/bigheadcaricature","1"
"c20f34f0-b493-5b63-a235-78058883011e","RCIA-CMD-0094","visuels","/editorialcaricature","1"
"17d00612-f017-54d0-af64-1945621b1112","RCIA-CMD-0095","visuels","/friendlycaricature","1"
"e1ec57b0-e98c-598e-8ab8-45f3d35ec82f","RCIA-CMD-0096","visuels","/miniceo","1"
"a262c692-e5b7-5c18-b4e5-e1a8e5fc43f0","RCIA-CMD-0097","visuels","/actionfigure","1"
"1716ae14-81d8-513c-99c6-b19386b6e83f","RCIA-CMD-0098","visuels","/balloonart","1"
"dadbd741-11c8-52d8-bbbc-e3565febb526","RCIA-CMD-0099","visuels","/brickfigure","1"
"be0eadcd-c8a8-5f42-a9ca-74ff5bd83a32","RCIA-CMD-0100","visuels","/tinyworkers","1"
"6e3cd2e9-d019-52c3-bda5-783b1c1cc54c","RCIA-CMD-0101","visuels","/toybox","1"
"ec38510b-2b61-568c-9fb5-0bfa0a351d5d","RCIA-CMD-0102","visuels","/1920sportrait","1"
"8452686f-86c9-5122-ac78-a4eaa76ae447","RCIA-CMD-0103","visuels","/ancientportrait","3"
"5a269336-2bac-5d45-8137-da30e693b370","RCIA-CMD-0104","visuels","/chromagelportrait","1"
"5641ed47-8f72-5089-87c5-c627d6d0a9bb","RCIA-CMD-0105","visuels","/decadeportrait","3"
"cfaedbb7-7d37-5330-870c-4bd01ebe4071","RCIA-CMD-0106","visuels","/festivaleditorial","1"
"fb1ab1c4-635a-5a4e-a8b1-5965d731a01c","RCIA-CMD-0107","visuels","/futureportrait","3"
"6badae82-6a4a-5c0a-871b-de014dba46aa","RCIA-CMD-0108","visuels","/glasslayerportrait","2"
"37d81c49-5f29-52bb-bb12-a2d12b8a68ad","RCIA-CMD-0109","visuels","/haloeditorial","3"
"c0a56c64-36fe-5fbc-b689-5a0735c775e0","RCIA-CMD-0110","visuels","/luxeloungeportrait","3"
"6def9a1b-eb77-5290-8fdb-cbb6f69ecf46","RCIA-CMD-0111","visuels","/medievalportrait","1"
"d14a2ec7-bfec-5138-b346-dd85760ffd38","RCIA-CMD-0112","visuels","/radiantspotlight","3"
"912fb990-a857-5b3a-8297-626ae6b1afba","RCIA-CMD-0113","visuels","/raineditorial","3"
"c8ab1f7b-ac5d-54c6-85ad-a673d77e91d2","RCIA-CMD-0114","visuels","/reflectioneditorial","1"
"3da3516b-d635-5237-a299-bfa28fad567d","RCIA-CMD-0115","visuels","/rimlightprofile","1"
"c9410974-ef98-5457-abfe-7fc557d2a922","RCIA-CMD-0116","visuels","/rooftopeditorial","3"
"ce5d223b-be01-5ffe-bf50-663b65134e11","RCIA-CMD-0117","visuels","/shadowsculpt","2"
"67ae98af-b0ac-55fb-9178-cc6beaea8806","RCIA-CMD-0118","visuels","/softwindowportrait","3"
"a2d82b36-818b-51af-bd3b-46b538732380","RCIA-CMD-0119","visuels","/streetflashlook","2"
"1d88790e-2876-59e6-831c-8123865f83c3","RCIA-CMD-0120","visuels","/vintageportrait","3"
"722add26-d1b4-52cd-a5e9-24cb4828309e","RCIA-CMD-0121","visuels","/ccdnight","1"
"bd72dfb9-077c-5696-bf99-90c761b54b39","RCIA-CMD-0122","visuels","/centralafricanstyle","1"
"38528e30-dcfa-5a8b-bfce-9d31a27912e9","RCIA-CMD-0123","visuels","/eastafricanstyle","1"
"b83506bf-acb9-5eb9-9e30-44127459c7aa","RCIA-CMD-0124","visuels","/goldenhourportrait","1"
"b3425c56-5c2b-5b92-af0b-63b4ab6dfb2e","RCIA-CMD-0125","visuels","/paparazziflash","1"
"0c0ff95d-6e21-5c77-abae-4c5030b59499","RCIA-CMD-0126","visuels","/passporteras","1"
"70afa6b9-7654-506b-8371-13ee14052274","RCIA-CMD-0127","visuels","/redcarpet","1"
"49607a46-f7ff-533b-9953-688f67a2fb64","RCIA-CMD-0128","visuels","/silhouetteportrait","1"
"d294e4a8-9a86-5a4a-83ab-80c05b30c7aa","RCIA-CMD-0129","visuels","/southernafricanstyle","1"
"8df0d69d-b9ad-566c-9b83-8fee0b460c91","RCIA-CMD-0130","visuels","/textileportrait","1"
"61fba1fe-227d-5667-8d65-3373fd5e0d2c","RCIA-CMD-0131","visuels","/throwback2016","1"
"e217e3bf-1e8d-5d5b-9def-1d0c7c21fa45","RCIA-CMD-0132","visuels","/westafricanstyle","1"
"30b5f9ab-c030-5e6d-a512-7f25a1328c73","RCIA-CMD-0133","visuels","/y2kflash","1"
"c33f94f8-c138-55e2-94d5-db952f9bb6d0","RCIA-CMD-0134","visuels","/yearbook90s","1"
"700cb0ed-1b6a-58a9-a68c-e4770abed86b","RCIA-CMD-0135","visuels","/denimcampaignportrait","2"
"ad0e2458-aa43-549c-92ea-3302399cb536","RCIA-CMD-0136","visuels","/silkcampaignportrait","2"
"c5eebdb5-0f63-585d-ab40-e80839c4414d","RCIA-CMD-0137","visuels","/braidpreview","1"
"66d19642-0ed4-5f6e-a028-5a60a03805bf","RCIA-CMD-0138","visuels","/btsfashion","1"
"ede1c407-5fd2-5e7a-b252-36e756d692c4","RCIA-CMD-0139","visuels","/castingcard","1"
"34436c16-ffa1-5011-a15b-3add9af8f8a3","RCIA-CMD-0140","visuels","/coloranalysis","1"
"b267ac90-b475-55f7-8469-049a234cc1e2","RCIA-CMD-0141","visuels","/dreamcareergrid","1"
"b2eac5e1-220f-573c-b6fa-19309184c5e5","RCIA-CMD-0142","visuels","/fashionpolaroid","1"
"ce4030e0-93e2-55f2-8ed0-73e40b765dfc","RCIA-CMD-0143","visuels","/identitysheet","1"
"4d79fdb5-e26c-55a9-b05a-7fab54a00149","RCIA-CMD-0144","visuels","/lookcontinuity","1"
"49f868c9-768e-5ebc-a83c-96d1f580395e","RCIA-CMD-0145","visuels","/outfit","1"
"8d77b1ae-4468-5144-bf9b-2663205e7174","RCIA-CMD-0146","visuels","/outfitbreakdown","1"
"dccbc859-f5e2-59ca-9758-e5e6be200f5d","RCIA-CMD-0147","visuels","/photoboothstory","1"
"2106450a-9d80-5fd2-aed1-7c2d5bf5cda6","RCIA-CMD-0148","visuels","/runwaydebut","1"
"26bee834-1468-517d-9bd0-3fe86f6195e5","RCIA-CMD-0149","visuels","/thenandnow","2"
"a87f677d-ab46-579e-876f-8fe1da795dde","RCIA-CMD-0150","visuels","/ageprogression","1"
"70a32609-2d19-555b-94a2-6719aedf44f6","RCIA-CMD-0151","visuels","/babyself","1"
"3f5fbed2-fbf5-51f4-b8ba-aff0708bfd69","RCIA-CMD-0152","visuels","/birthdayportrait","1"
"18c08e16-02bb-5380-ab21-aed911d018a6","RCIA-CMD-0153","visuels","/childmeet","1"
"11b04eac-ee04-5eb9-a3aa-5d76a41dc4fd","RCIA-CMD-0154","visuels","/coupleportrait","1"
"0d8bbbe0-1f4d-5f4f-8b58-405c94c2d7a5","RCIA-CMD-0155","visuels","/familyportrait","1"
"e0c6c732-351c-5616-b3f4-cfe680baed1a","RCIA-CMD-0156","visuels","/futurechild","1"
"ba10dd8f-3b77-5aed-8b60-aad4d8f6399f","RCIA-CMD-0157","visuels","/genderflip","1"
"207a9731-5049-5dc3-b874-fe38d5d1cec7","RCIA-CMD-0158","visuels","/graduationportrait","1"
"f34a4a98-b215-5df7-b441-86520b45ecba","RCIA-CMD-0159","visuels","/maternityportrait","1"
"deceb8d8-8f05-5dd2-9692-f1cc12dff7c9","RCIA-CMD-0160","visuels","/teamportrait","1"
"3ecb377f-8925-5afb-a616-3c7bcc44c71f","RCIA-CMD-0161","visuels","/weddingportrait","1"
"94716bfa-f628-5fa9-8609-854c8738a486","RCIA-CMD-0162","visuels","/authorityseated","3"
"4954f21c-1ae8-5226-822c-c4b42f5afd9f","RCIA-CMD-0163","visuels","/executivefullbody","3"
"97e448ca-30c8-591d-8749-176bfc415e8d","RCIA-CMD-0164","visuels","/freelanceicon","2"
"ddc1e203-78b6-56c9-8d67-4c061083f87a","RCIA-CMD-0165","visuels","/stagelegend","1"
"bb5f4de4-db5d-5132-ae44-98c2549bb250","RCIA-CMD-0166","visuels","/afrobeatsstar","1"
"a8222a31-9d8d-5459-9021-9986cb5e4ac3","RCIA-CMD-0167","visuels","/artisanportrait","1"
"e2a14b6b-83ae-5028-bf7d-40fb464f7706","RCIA-CMD-0168","visuels","/avatarpro","1"
"83af344e-b859-5cac-9666-624a6a544073","RCIA-CMD-0169","visuels","/campaignportrait","1"
"df33c512-5ca9-5c1e-925a-ff8bfa03326a","RCIA-CMD-0170","visuels","/chefportrait","1"
"b9f5f6f5-8289-527a-8737-6da9aef10d0e","RCIA-CMD-0171","visuels","/founderportrait","1"
"cfcb1ef6-6700-5c7b-a5e0-eb636e5071f2","RCIA-CMD-0172","visuels","/headshot","1"
"cdc2e2a9-57d8-5009-add5-467c96af3693","RCIA-CMD-0173","visuels","/presskitportrait","1"
"39e8d599-395c-5d7c-acc1-52715b33125b","RCIA-CMD-0174","visuels","/speakerportrait","1"
"b4b81bf1-634a-5f5b-9a73-f820a9abb62e","RCIA-CMD-0175","visuels","/streetcasting","1"
"1235681b-0fc2-539e-8f13-5c2f2e1b50cd","RCIA-CMD-0176","visuels","/colorrestore","1"
"c675979b-4fe5-5736-aa56-37b60073006a","RCIA-CMD-0177","visuels","/colorswap","1"
"312babaa-9198-5317-8786-ed8cf14b0c9c","RCIA-CMD-0178","visuels","/faceswapduo","1"
"0806759c-0b7f-57de-8b31-9c0eda274c03","RCIA-CMD-0179","visuels","/ceilingsea","2"
"2423371d-c7ef-51a7-84be-942cb0b27d81","RCIA-CMD-0180","visuels","/skyisland","1"
"82075479-8b18-5b55-9a3b-6d72919215eb","RCIA-CMD-0181","visuels","/snowinside","1"
"00cfa7c4-ce34-5977-83f7-9c67ab12a75c","RCIA-CMD-0182","visuels","/urbanjungle","1"
"aa3b5b63-e52e-535f-87ec-4752e1edc0f8","RCIA-CMD-0183","visuels","/waterroom","1"
"fb8da503-925e-59eb-a150-875fddd1e378","RCIA-CMD-0184","visuels","/brandboard","1"
"4a6558e3-f70e-5671-a3e7-523c8d587f8e","RCIA-CMD-0185","visuels","/logo","1"
"59df95ad-cee6-5bf9-a086-3ff0cf0feb6f","RCIA-CMD-0186","visuels","/adsocial","1"
"e0963f13-4a29-5cda-8d90-85ee6d6816c0","RCIA-CMD-0187","visuels","/albumcoverpersona","3"
"c814dd20-cb27-55bd-b3e9-e6d52c171b0c","RCIA-CMD-0188","visuels","/bookcover","1"
"8345f134-7599-5488-a2c8-f1dbef2a1945","RCIA-CMD-0189","visuels","/coverissue","3"
"8a2fd427-3e06-5380-afec-ce5bd8df2dde","RCIA-CMD-0190","visuels","/fashioncover","1"
"926704c5-444d-557b-9eeb-9bb31cd3e69b","RCIA-CMD-0191","visuels","/foundermag","1"
"e76da29f-afdb-546a-a9a7-4dc5fd96cbf4","RCIA-CMD-0192","visuels","/heroensembleposter","1"
"3d976467-7ef9-57e5-8fed-d84a6dc1fb09","RCIA-CMD-0193","visuels","/newsfeedcover","3"
"f2fbf973-bae9-52dd-ba02-bff67de96d44","RCIA-CMD-0194","visuels","/sportcover","1"
"ea8fc522-36ed-5ae8-8749-684afcdc20e6","RCIA-CMD-0195","visuels","/podcastcover","1"
"05ae1941-39b0-509d-a159-80dd715fe178","RCIA-CMD-0196","visuels","/powercover","1"
"b208adc9-726d-5a01-9796-62846c7e2a6c","RCIA-CMD-0197","visuels","/invitation","1"
"665c6d7b-a55e-5cd4-bbe1-77a430320d17","RCIA-CMD-0198","visuels","/receiptposter","1"
"ffccee7e-8168-5813-bfbc-b58ba7a7a95f","RCIA-CMD-0199","visuels","/travelposter","1"
"71c77196-bba7-5856-8572-1a189eaf3a88","RCIA-CMD-0200","visuels","/vintageposter","1"
"09fa639c-f42f-58c1-a990-0d67cd9f5b67","RCIA-CMD-0201","visuels","/circuittrace","1"
"93170b91-512d-58f3-b443-a2a294eec020","RCIA-CMD-0202","visuels","/dimensionview","1"
"92918136-b473-504e-adc7-df56d00819e5","RCIA-CMD-0203","visuels","/patentdrawing","1"
"6aea6408-8673-54df-a926-89c77a64e8b7","RCIA-CMD-0204","visuels","/weldmap","1"
"c2876f66-d332-55c5-93f3-c4cdfbd16eb3","RCIA-CMD-0205","visuels","/anatomyview","1"
"632a4e21-056b-515e-b2e4-65a2568ffc3e","RCIA-CMD-0206","visuels","/digitaltwin","1"
"eb665b54-33bd-5d60-9cff-cbd41ca6007e","RCIA-CMD-0207","visuels","/explodeview","11"
"47b28c43-f75e-5252-89ff-e5d1bb0ab290","RCIA-CMD-0208","visuels","/pointcloud","1"
"5dd77de2-8371-5bb0-b6e5-1bb95bf0b36f","RCIA-CMD-0209","visuels","/reversecad","1"
"83f69a68-7ab9-56cf-864e-8a3db7142a41","RCIA-CMD-0210","visuels","/xray","11"
"33900d03-0cda-5c55-a4e3-b4cefc8668ae","RCIA-CMD-0211","visuels","/comparisonvisual","3"
"3657eaf2-c1b3-5ebe-b88f-5ae59c70fd53","RCIA-CMD-0212","visuels","/energypath","1"
"e306cc7a-6401-503b-a67a-bd640b701251","RCIA-CMD-0213","visuels","/lightsetup","1"
"ab8565fc-4991-5b0a-9339-28589a673d95","RCIA-CMD-0214","visuels","/servicepoints","1"
"9551ddb6-177a-5147-aaaa-2281cf79738a","RCIA-CMD-0215","visuels","/thermalmap","1"
"8171218d-f9d9-5593-88ab-3f0c9cea5f2d","RCIA-CMD-0216","visuels","/isometric","1"
"690ec9bd-55bc-5b5d-8431-27dcfe7b32bd","RCIA-CMD-0217","visuels","/luxmockup","1"
"c735c3c8-7246-5b79-90df-55fec20a7697","RCIA-CMD-0218","redaction","/prompt","1"
"e258969c-eb38-5876-bfc8-a64edf8001bb","RCIA-CMD-0219","redaction","/reecrire","1"
"e7910026-34ff-5ad6-88b4-051e9b929aad","RCIA-CMD-0220","redaction","/traduire","1"
"201fbd10-47ed-52e8-b6c8-b5018155fd1c","RCIA-CMD-0221","redaction","/article","1"
"3a1ff1da-9edd-5647-a25a-8162e65c2d7a","RCIA-CMD-0222","redaction","/contenus","1"
"35046839-69b1-5500-8ad7-942b2e492131","RCIA-CMD-0223","redaction","/message","1"
"e1a68bd4-1f3c-50c7-8013-1baaf2c6bf47","RCIA-CMD-0224","redaction","/publication","1"
"353f748e-dee4-55d9-a0a8-629327f881a6","RCIA-CMD-0225","redaction","/script","1"
"a4efeddd-7aaa-5271-b4b8-c84e2ef574c3","RCIA-CMD-0226","redaction","/vente","1"
"c727529f-ffa8-5707-9125-b0fed6542de4","RCIA-CMD-0227","redaction","/comparaison","1"
"5130ff92-057b-5190-8c9e-e27df38980c0","RCIA-CMD-0228","redaction","/donnees","1"
"3325fabd-35fe-5c79-8395-fc7f77e2af61","RCIA-CMD-0229","redaction","/revision","1"
"90a63677-f918-5762-b793-6746b5d3fe45","RCIA-CMD-0230","redaction","/sources","1"
"1d0c23cd-2efe-599f-ba9f-978ec9751855","RCIA-CMD-0231","redaction","/synthese","1"
"74818b7d-6889-52a4-b328-281a8a11da02","RCIA-CMD-0232","redaction","/dossier","1"
"5bad4966-84b4-574c-944b-11f2ef527718","RCIA-CMD-0233","redaction","/presentation","1"
"c787ac38-9bc5-58f4-b8f7-620141c64ebe","RCIA-CMD-0234","redaction","/projet","1"
"4f3d9e2a-23dd-5418-9d48-3816afb08572","RCIA-CMD-0235","redaction","/rapport","1"
"639d5fd6-0b1c-567c-8e03-bd2a5098e5cb","RCIA-CMD-0236","redaction","/reunion","1"
"21c9aab5-bbe0-53c5-a85c-9b1ddce5a265","RCIA-CMD-0237","assistants","/mode-archiviste","1"
"9b7534b9-3819-5a52-961a-0f974a48b27d","RCIA-CMD-0238","assistants","/mode-batman","1"
"7dcb30b2-46ab-51b4-b294-d1f4b9611c52","RCIA-CMD-0239","assistants","/mode-feynman","1"
"34a83aad-a8b5-5d9b-9fc4-346484949901","RCIA-CMD-0240","assistants","/mode-griot","1"
"61884905-72e5-5320-bdcd-e64c91864a40","RCIA-CMD-0241","assistants","/mode-histoire","1"
"dafe3b77-7583-5839-896a-823d9c31524a","RCIA-CMD-0242","assistants","/mode-homer","1"
"7ef77e5f-8dad-5f46-be2b-942b23cebcd2","RCIA-CMD-0243","assistants","/mode-sherlock","1"
"bb1ab581-2c60-598d-a98b-6f140b456274","RCIA-CMD-0244","assistants","/mode-socrate","1"
"4a493a33-d5a5-51b3-8b1f-91dd7c649c31","RCIA-CMD-0245","assistants","/mode-spock","1"
"0e878a32-e0d6-5bea-997b-c3259b44da85","RCIA-CMD-0246","assistants","/mode-angles","1"
"27289638-ac25-546d-8408-52ddd65f9c39","RCIA-CMD-0247","assistants","/mode-antagoniste","1"
"7d45a5d6-08ad-5076-9da8-d96801195237","RCIA-CMD-0248","assistants","/mode-decision","1"
"ba4600b8-640b-5d23-ba82-3d3abc95a382","RCIA-CMD-0249","assistants","/mode-design","1"
"876edbc7-215c-590d-8b73-ae6c259e7f51","RCIA-CMD-0250","assistants","/mode-aventure","1"
"b4ea857e-a642-5e45-ba2c-5bacca0c6bc9","RCIA-CMD-0251","assistants","/mode-enquete","1"
"00b695e3-c3cd-5a06-979b-0bbb2e5d89bf","RCIA-CMD-0252","assistants","/mode-escape","1"
"2822247b-5d91-5516-b094-2576ff92fc8a","RCIA-CMD-0253","assistants","/mode-royaume","1"
"c425a90d-76e2-5064-bd3c-d12c29d8e441","RCIA-CMD-0254","assistants","/mode-quiz","1"
"f0fe60bf-ea3c-5574-9690-c4fe11f526da","RCIA-CMD-0255","assistants","/mode-microbusiness","1"
"59550df6-0b82-51a7-8c1b-f4633544d6d5","RCIA-CMD-0256","assistants","/mode-entretien","1"
"a6df52d8-efb5-5a8c-b500-283c87964ca7","RCIA-CMD-0257","assistants","/mode-negociation","1"
"53daf235-c35a-54c7-9beb-bb2910515137","RCIA-CMD-0258","assistants","/mode-pitch","1"
"74f92779-e3c8-57db-826f-2d2bd5437f2a","RCIA-CMD-0259","assistants","/mode-apprendre","1"
"a72cff2a-9938-5cb8-b7d8-a553c85bf538","RCIA-CMD-0260","assistants","/mode-carriere","1"
"c362044e-e8ed-5d80-b10d-d1d15872322e","RCIA-CMD-0261","assistants","/mode-organisation","1"
"21a550ad-049f-51ac-8235-7a07fe1dcbf2","RCIA-CMD-0262","assistants","/mode-business","1"
"f5ce260e-a57b-58bc-a995-ee4c998607dd","RCIA-CMD-0263","assistants","/mode-code","1"
"0c7cdec6-605e-54ac-96b7-923fd5619d52","RCIA-CMD-0264","assistants","/mode-juridique","1"
"49e9b336-c126-5480-85b3-e8e1f43f2a05","RCIA-CMD-0265","assistants","/mode-observation","1"
"0e17e03b-05df-5401-a356-79dc34b9235c","RCIA-CMD-0266","assistants","/mode-projet","1"
"2857e3a0-7675-5d14-9934-1c9cc9f14191","RCIA-CMD-0267","assistants","/mode-recherche","1"
"839ea3af-c557-5740-93b9-4db1629926c1","RCIA-CMD-0268","assistants","/mode-comptabilite","1"
"51afc2d2-7d7d-556a-b4d8-1938467157f7","RCIA-CMD-0269","visuels","/heritageportrait","20"
"61b48d6a-7dc2-541a-a7f8-a8838162c9a4","RCIA-CMD-0270","visuels","/alteregoculture","20"
"46e8f36c-7c56-5ead-a75c-e1aef69e3d18","RCIA-CMD-0271","visuels","/capitalportrait","20"
"00b6e77d-24a9-578a-ba3e-3a58eaa4cfb6","RCIA-CMD-0272","visuels","/escapeportrait","20"
"3e8e6890-49b9-566c-90ad-332b047d82ec","RCIA-CMD-0273","visuels","/masterportrait","20"
"087161fe-f795-5c3e-86c9-3dd6ba0c0c91","RCIA-CMD-0274","visuels","/notebookstory","20"
"6c947beb-5a5a-556b-83b9-6a1c26cd7212","RCIA-CMD-0275","visuels","/paletteportrait","20"
"6fb322c1-2c4d-54ff-9190-b33c5efd20e9","RCIA-CMD-0276","visuels","/cosplayportrait","20"
"86e14847-8bad-598f-911a-cf97a4866b7b","RCIA-CMD-0277","visuels","/universeportrait","20"
"913a2635-606c-5a42-8941-dc60f1b833e1","RCIA-CMD-0278","visuels","/craftedtoon","20"
"e1aeacff-79f1-5499-95f6-7b0b11d065da","RCIA-CMD-0279","visuels","/comicportrait","20"
"7314a9ef-0171-53b5-b627-15667a68f531","RCIA-CMD-0280","visuels","/memecard","20"
"d6b08470-49a9-55cd-8499-25502636415e","RCIA-CMD-0281","visuels","/unexpectedpov","20"
"5e5b202c-80f6-5b66-832b-fe574046c8ef","RCIA-CMD-0282","visuels","/impossiblescene","20"
"2de2a2f6-6ba6-549e-a89e-2b5fc8a1d292","RCIA-CMD-0283","visuels","/opticalportrait","20"
"80954d60-aae4-5fa4-823a-b8fb517eb8cb","RCIA-CMD-0284","visuels","/professionportrait","20"
"2abdbfeb-808e-550f-bd40-bdaa93fac5bd","RCIA-CMD-0285","visuels","/sharedmoment","20"
"4a661aed-cb81-591f-9c1a-5f567a3b2c46","RCIA-CMD-0286","visuels","/editorialissue","20"
"eee5718a-145a-5813-9312-8acc19cb2b73","RCIA-CMD-0287","visuels","/campaignbillboard","20"
"03d52e98-7d94-5bc5-ba82-738d76c553a3","RCIA-CMD-0288","visuels","/promoflyer","20"
"d13fa52d-ab1f-5a67-940d-cbfd68765496","RCIA-CMD-0289","visuels","/adcreative","20"
"1c09122b-1531-5298-981c-70cde0e38b41","RCIA-CMD-0290","visuels","/productstudio","20"
"cbafd9b6-77de-5461-aaae-dee47d393403","RCIA-CMD-0291","visuels","/productworld","20"
"d49fb6d0-4d17-5c27-9fd9-9d1fb5734edb","RCIA-CMD-0292","visuels","/brandcontact","20"
"2f7bdbb9-90bc-5819-9f0c-54d809c98fdd","RCIA-CMD-0293","visuels","/imaginaryplace","20"
"9dd7909e-f996-5dca-864c-9a233d8035f8","RCIA-CMD-0294","visuels","/roomrefresh","20"
"7ca51166-3c54-590c-a567-1faf43edff76","RCIA-CMD-0295","visuels","/visualexplain","7"
"9c66f835-0f5c-50e9-8eb8-b4c9620b15a6","RCIA-CMD-0296","visuels","/visualflow","8"
"a84f55f9-a66f-573b-a752-5c46b617039a","RCIA-CMD-0297","visuels","/visualplan","3"
"b57c1fc1-388b-54b7-ae91-a5e601deb27f","RCIA-CMD-0298","visuels","/insectself","10"
"04adb9d9-022d-5a2d-b0b9-5af95a1f594e","RCIA-CMD-0299","visuels","/creatureportrait","10"
"f9968487-a1b4-5795-ba14-edd373418dea","RCIA-CMD-0300","visuels","/photoedit","20"
"4f6b3d52-0ec3-5dee-9f3e-00aedbabc089","RCIA-CMD-0301","visuels","/productangle","12"
"ed9cabe5-739f-5b51-ac9a-4b911723d71b","RCIA-CMD-0302","visuels","/materialstudy","12"
"745a80e4-e9da-54e0-9c8f-5d6b0bb1c4ce","RCIA-CMD-0303","visuels","/technicalboard","12"
"c465530d-6486-54b5-b1e6-828ee476dc79","RCIA-CMD-0304","visuels","/servicevisual","12"
"177e80ac-95b2-5c5d-9183-2cf44be42f18","RCIA-CMD-0305","visuels","/workspaceconcept","12"
"d779b3a2-a76c-5a35-889a-936be7767bbc","RCIA-CMD-0306","visuels","/businessboard","12"
"9a650b7f-0ac6-54bf-84f7-1473726a3bca","RCIA-CMD-0307","visuels","/brandexperiment","12"
"3bcec392-d415-5166-b4c5-2074043f748d","RCIA-CMD-0308","visuels","/workstoryportrait","12"
"5b547d8d-06ff-51a2-a1cf-650fe3333d2f","RCIA-CMD-0309","visuels","/officeabsurd","12"
"4486a52d-6ac3-50aa-9f2d-f8f67f6fa71d","RCIA-CMD-0310","visuels","/editorialkit","12"
