"card_id","card_code","slug","command","card_slug","ancien_card_id","allocation","graine"
"dfbbfb65-4091-5fbf-b324-27ab4be3e96e","RCIA-C-001110","editorial-urbain-ivoirien-nuit-de-ville","/abidjaneditorial","editorial-urbain-ivoirien-nuit-de-ville","","uuid5_brouillon_hors_kit","raccourcia:brouillon:editorial-urbain-ivoirien-nuit-de-ville"
"f2b0699c-fea1-55f5-8aa0-caaccffae8e8","RCIA-C-001111","adcampaignset","/adcampaignset","pack-de-campagne","","uuid5_brouillon_hors_kit","raccourcia:brouillon:adcampaignset"
"c340c3cb-e128-543b-bac3-3a1378b1b4bc","RCIA-C-001112","aerialproperty","/aerialproperty","vue-aerienne-immobiliere","","uuid5_brouillon_hors_kit","raccourcia:brouillon:aerialproperty"
"09e2f5f8-098c-58b5-8c38-95f497d35d80","RCIA-C-001113","airbnbhero","/airbnbhero","hero-location-courte-duree","","uuid5_brouillon_hors_kit","raccourcia:brouillon:airbnbhero"
"f6a7f2e8-29c9-5667-be85-437c457f2c00","RCIA-C-001114","airflowview","/airflowview","flux-d-air-visualise","","uuid5_brouillon_hors_kit","raccourcia:brouillon:airflowview"
"bb17a8d2-450c-52eb-bc1d-b8d09380b548","RCIA-C-001115","airportfit","/airportfit","airport-fit","","uuid5_brouillon_hors_kit","raccourcia:brouillon:airportfit"
"5712ad34-6847-5b08-b3f0-578b2e03dadc","RCIA-C-001116","anatomie-en-coupe-structures-essentielles","/anatomycutaway","anatomie-en-coupe-structures-essentielles","","uuid5_brouillon_hors_kit","raccourcia:brouillon:anatomie-en-coupe-structures-essentielles"
"7ce322e8-2157-5a3d-82d1-a370c2e5aeb3","RCIA-C-001117","animeportrait","/animeportrait","portrait-animation-japonaise","","uuid5_brouillon_hors_kit","raccourcia:brouillon:animeportrait"
"eeee90d5-f157-548f-8900-b0bd238232c7","RCIA-C-001118","maison-en-coupe-dollhouse-habitee","/architecturecutaway","maison-en-coupe-dollhouse-habitee","","uuid5_brouillon_hors_kit","raccourcia:brouillon:maison-en-coupe-dollhouse-habitee"
"a2096835-a20a-5e99-b38c-f0fb5a2a286e","RCIA-C-001119","assembly","/assembly","guide-d-assemblage","img-assembly","uuid5_brouillon_hors_kit","raccourcia:brouillon:assembly"
"d5af6f14-3743-5e4c-9f1c-e8d8b11b1194","RCIA-C-001120","aurorabloom","/aurorabloom","floraison-d-aurore","","uuid5_brouillon_hors_kit","raccourcia:brouillon:aurorabloom"
"ca3d9650-7531-5d16-84b4-95b864b570f2","RCIA-C-001121","backgroundswap","/backgroundswap","changer-fond","","uuid5_brouillon_hors_kit","raccourcia:brouillon:backgroundswap"
"159476ec-0925-5ac1-8132-551ce42b6fac","RCIA-C-001122","univers-barbie-boite-de-collection","/barbieworld","univers-barbie-boite-de-collection","","uuid5_brouillon_hors_kit","raccourcia:brouillon:univers-barbie-boite-de-collection"
"fe2c9c79-8fba-5f87-b00d-6ea9d347cfe5","RCIA-C-001123","beardstyle","/beardstyle","style-de-barbe","img-beardstyle","uuid5_brouillon_hors_kit","raccourcia:brouillon:beardstyle"
"784ed3a4-02cf-5df4-b060-1aa8fdcced9a","RCIA-C-001124","beautyportrait","/beautyportrait","portrait-beaute","","uuid5_brouillon_hors_kit","raccourcia:brouillon:beautyportrait"
"3fba80c4-a917-5b05-b867-5deea7944511","RCIA-C-001125","beautyshot","/beautyshot","beauty-shot-produit","","uuid5_brouillon_hors_kit","raccourcia:brouillon:beautyshot"
"b6c30cf8-36e7-53da-9452-ebd7353bdc0a","RCIA-C-001126","beforeafterad","/beforeafterad","publicite-avant-apres","img-beforeafterad","uuid5_brouillon_hors_kit","raccourcia:brouillon:beforeafterad"
"beb1f0af-752f-508f-86a4-3712eec4f412","RCIA-C-001127","beforeafterdiagram","/beforeafterdiagram","schema-avant-apres","","uuid5_brouillon_hors_kit","raccourcia:brouillon:beforeafterdiagram"
"b851e8d8-a4b7-5116-8542-9dc44d207e1b","RCIA-C-001128","benefitvisual","/benefitvisual","benefice-visualise","img-benefitvisual","uuid5_brouillon_hors_kit","raccourcia:brouillon:benefitvisual"
"c8075855-d0ee-5db3-9d89-e1e7191f63c7","RCIA-C-001129","blueprint","/blueprint","plan-technique-bleu","img-blueprint","uuid5_brouillon_hors_kit","raccourcia:brouillon:blueprint"
"7e645224-7891-5d5c-8f53-ad4a7560df5b","RCIA-C-001130","boothdesign","/boothdesign","stand-evenementiel","img-boothdesign","uuid5_brouillon_hors_kit","raccourcia:brouillon:boothdesign"
"209d09bc-0a42-5d34-af61-23d0dc493214","RCIA-C-001131","brandportrait","/brandportrait","portrait-de-marque","","uuid5_brouillon_hors_kit","raccourcia:brouillon:brandportrait"
"771f3892-3995-5986-9634-4d609fee12a1","RCIA-C-001132","portrait-de-createur-atelier-et-outils","/businessidentity","portrait-de-createur-atelier-et-outils","","uuid5_brouillon_hors_kit","raccourcia:brouillon:portrait-de-createur-atelier-et-outils"
"79a2a052-4adb-51a4-8512-7a2b54e792c4","RCIA-C-001133","calloutdiagram","/calloutdiagram","schema-a-reperes","","uuid5_brouillon_hors_kit","raccourcia:brouillon:calloutdiagram"
"e12caceb-b1a5-5fa2-8c9b-c78cdad38d0f","RCIA-C-001134","planche-de-cadrages-six-vues-coherentes","/cameraangles","planche-de-cadrages-six-vues-coherentes","","uuid5_brouillon_hors_kit","raccourcia:brouillon:planche-de-cadrages-six-vues-coherentes"
"5fd5f610-0d8a-5db5-bb49-c792c71780a0","RCIA-C-001135","cctvframe","/cctvframe","capture-cctv-cinematique","","uuid5_brouillon_hors_kit","raccourcia:brouillon:cctvframe"
"bca36256-b3a2-509a-bddf-266318c029af","RCIA-C-001136","ceramic","/ceramic","ceramique-peinte","","uuid5_brouillon_hors_kit","raccourcia:brouillon:ceramic"
"dfcd5f9c-25e2-50a2-a513-8934d3968456","RCIA-C-001137","challengepost","/challengepost","visuel-de-challenge-social","","uuid5_brouillon_hors_kit","raccourcia:brouillon:challengepost"
"4ecd6a1d-2c22-59cf-808d-5c1001dc1188","RCIA-C-001138","chromeshot","/chromeshot","rendu-chrome","","uuid5_brouillon_hors_kit","raccourcia:brouillon:chromeshot"
"7f40ac9b-98e9-520b-bc36-375191d77435","RCIA-C-001139","a-l-affiche-avec-le-casting-barbie-avec-margot-robbie","/cinemacast","a-l-affiche-avec-le-casting-barbie-avec-margot-robbie","","uuid5_brouillon_hors_kit","raccourcia:brouillon:a-l-affiche-avec-le-casting-barbie-avec-margot-robbie"
"75ce571d-15f6-54b6-9180-6e66bb0dcea7","RCIA-C-001140","schema-electrique-lisible-du-croquis-au-schema","/circuitclean","schema-electrique-lisible-du-croquis-au-schema","","uuid5_brouillon_hors_kit","raccourcia:brouillon:schema-electrique-lisible-du-croquis-au-schema"
"a1ea97cd-81e9-5d20-b5cf-944ee5b6b2b6","RCIA-C-001141","clonecrew","/clonecrew","mon-equipe-de-clones","","uuid5_brouillon_hors_kit","raccourcia:brouillon:clonecrew"
"9335d5a0-47f5-514b-afb0-6411b927d5d7","RCIA-C-001142","cloudportrait","/cloudportrait","portrait-de-nuages","","uuid5_brouillon_hors_kit","raccourcia:brouillon:cloudportrait"
"57dd6e0b-fc3a-5694-91ee-540f2b201e2f","RCIA-C-001143","cocktailmenu","/cocktailmenu","carte-de-cocktails","","uuid5_brouillon_hors_kit","raccourcia:brouillon:cocktailmenu"
"e9c923b3-eb89-54ea-9b89-597f383525b2","RCIA-C-001144","colorgrade","/colorgrade","color-grading","","uuid5_brouillon_hors_kit","raccourcia:brouillon:colorgrade"
"9133a856-36d3-5054-b771-a64f4a99e8fc","RCIA-C-001145","comic","/comic","case-comic","","uuid5_brouillon_hors_kit","raccourcia:brouillon:comic"
"7054118a-5d8f-5aaa-8a55-b3a275864b21","RCIA-C-001146","ma-journee-en-bd-photo-roman-absurde","/comicday","ma-journee-en-bd-photo-roman-absurde","","uuid5_brouillon_hors_kit","raccourcia:brouillon:ma-journee-en-bd-photo-roman-absurde"
"d2aa543b-ca94-5046-a35c-83bf1f5c8a52","RCIA-C-001147","comparisonad","/comparisonad","publicite-comparative","img-comparisonad","uuid5_brouillon_hors_kit","raccourcia:brouillon:comparisonad"
"a1565eb4-1824-5235-b9d2-71a0a8e81e3c","RCIA-C-001148","comparisongrid","/comparisongrid","grille-comparative","","uuid5_brouillon_hors_kit","raccourcia:brouillon:comparisongrid"
"5eed955f-ca8c-5d68-baa5-7b8199c5aeed","RCIA-C-001149","couponcreative","/couponcreative","coupon-promotionnel","","uuid5_brouillon_hors_kit","raccourcia:brouillon:couponcreative"
"a43a88f8-a8dc-5d79-b372-67ec3331033e","RCIA-C-001150","coveragezone","/coveragezone","zone-de-couverture","","uuid5_brouillon_hors_kit","raccourcia:brouillon:coveragezone"
"4431c305-0aae-579a-8dff-1bd4ac12f2db","RCIA-C-001151","coverportrait","/coverportrait","portrait-de-couverture-sociale","","uuid5_brouillon_hors_kit","raccourcia:brouillon:coverportrait"
"ea3003f0-8515-5404-ad02-e1607d027e67","RCIA-C-001152","creatorbrandkit","/creatorbrandkit","kit-de-marque-createur","","uuid5_brouillon_hors_kit","raccourcia:brouillon:creatorbrandkit"
"d7209337-32dd-5412-b7a7-2a460342ee8f","RCIA-C-001153","croprecompose","/croprecompose","recadrage-intelligent","","uuid5_brouillon_hors_kit","raccourcia:brouillon:croprecompose"
"055195a8-9060-5f50-bc53-a6ae5efa6a22","RCIA-C-001154","crosssection","/crosssection","coupe-transversale","img-crosssection","uuid5_brouillon_hors_kit","raccourcia:brouillon:crosssection"
"cd352088-735e-57dc-b40b-fdbfed5a0a03","RCIA-C-001155","crystallize","/crystallize","cristallisation","","uuid5_brouillon_hors_kit","raccourcia:brouillon:crystallize"
"ee637a05-fc0b-5686-8231-a5b371c72632","RCIA-C-001156","cutaway","/cutaway","ouverture-cutaway-locale","","uuid5_brouillon_hors_kit","raccourcia:brouillon:cutaway"
"52d6b893-c236-5880-a81e-c5dbe5b44e12","RCIA-C-001157","cvportrait","/cvportrait","portrait-pour-cv","","uuid5_brouillon_hors_kit","raccourcia:brouillon:cvportrait"
"62bf9e14-0c12-515e-a7db-484943bbc20f","RCIA-C-001158","datadiagram","/datadiagram","diagramme-de-donnees","","uuid5_brouillon_hors_kit","raccourcia:brouillon:datadiagram"
"b0037909-b1e3-5ff8-b58c-e88595863fdf","RCIA-C-001159","datapipelinevisual","/datapipelinevisual","pipeline-de-donnees","","uuid5_brouillon_hors_kit","raccourcia:brouillon:datapipelinevisual"
"2c88a133-56df-5a05-9f56-19f179f07b2c","RCIA-C-001160","datingprofile","/datingprofile","serie-de-profil-naturel","","uuid5_brouillon_hors_kit","raccourcia:brouillon:datingprofile"
"2dc02e05-6aea-52d6-95e1-c25c4c463ffd","RCIA-C-001161","daytonight","/daytonight","jour-vers-nuit","","uuid5_brouillon_hors_kit","raccourcia:brouillon:daytonight"
"9416dbba-df17-5873-b163-712e3d957e73","RCIA-C-001162","deblur","/deblur","reduction-du-flou","","uuid5_brouillon_hors_kit","raccourcia:brouillon:deblur"
"06515fb2-f00a-5822-ad10-57741cba423b","RCIA-C-001163","depthblur","/depthblur","flou-de-profondeur","","uuid5_brouillon_hors_kit","raccourcia:brouillon:depthblur"
"62eb6ebd-eaac-54de-9553-f1d288fade5d","RCIA-C-001164","portrait-compact-numerique-soiree-au-flash","/digicamframe","portrait-compact-numerique-soiree-au-flash","","uuid5_brouillon_hors_kit","raccourcia:brouillon:portrait-compact-numerique-soiree-au-flash"
"96b199ad-449c-51e1-90e6-f7e63fa39dd0","RCIA-C-001165","displaybanner","/displaybanner","banniere-display","","uuid5_brouillon_hors_kit","raccourcia:brouillon:displaybanner"
"2cc112f4-5a24-55ee-a345-d7b514932169","RCIA-C-001166","djportrait","/djportrait","portrait-dj","","uuid5_brouillon_hors_kit","raccourcia:brouillon:djportrait"
"5363f4f0-56b0-5218-bd15-aa2a55bd6a12","RCIA-C-001167","doctorportrait","/doctorportrait","portrait-medical","","uuid5_brouillon_hors_kit","raccourcia:brouillon:doctorportrait"
"0065e700-41fb-5850-b157-40cdcb1acefc","RCIA-C-001168","univers-dragon-ball-aura-de-puissance","/dragonballaura","univers-dragon-ball-aura-de-puissance","","uuid5_brouillon_hors_kit","raccourcia:brouillon:univers-dragon-ball-aura-de-puissance"
"8d6c79a8-6adb-560c-a66b-d837a5fd4b59","RCIA-C-001169","dreamscape","/dreamscape","paysage-onirique","","uuid5_brouillon_hors_kit","raccourcia:brouillon:dreamscape"
"7cfee8ce-f95f-5a19-99d4-e0cc2c0014a1","RCIA-C-001170","dreamworkspace","/dreamworkspace","mon-espace-de-travail-ideal","","uuid5_brouillon_hors_kit","raccourcia:brouillon:dreamworkspace"
"ef1f3cc0-7257-54a4-a8ca-e85cfd6a47ba","RCIA-C-001171","dynamicad","/dynamicad","publicite-dynamique","","uuid5_brouillon_hors_kit","raccourcia:brouillon:dynamicad"
"88d52a8d-858b-54ae-80ae-ee527d83d11b","RCIA-C-001172","ecosystemmap","/ecosystemmap","carte-d-ecosysteme","","uuid5_brouillon_hors_kit","raccourcia:brouillon:ecosystemmap"
"cd888f67-7e10-589f-8a71-63cb3318bf3d","RCIA-C-001173","editorialportrait","/editorialportrait","portrait-editorial","","uuid5_brouillon_hors_kit","raccourcia:brouillon:editorialportrait"
"43a1a6f0-2d03-56a0-8fb9-b7b6f21856e5","RCIA-C-001174","embroidery","/embroidery","broderie-textile","","uuid5_brouillon_hors_kit","raccourcia:brouillon:embroidery"
"9cdf21e3-2815-5e3d-b4d8-897710cfb8e8","RCIA-C-001175","emojiavatar","/emojiavatar","avatar-emoji","","uuid5_brouillon_hors_kit","raccourcia:brouillon:emojiavatar"
"f30ac5f5-baab-58d2-9da3-1f94214586d8","RCIA-C-001176","ergonomicreach","/ergonomicreach","zones-d-atteinte-ergonomique","","uuid5_brouillon_hors_kit","raccourcia:brouillon:ergonomicreach"
"8c64ed1c-5cc3-5736-8700-ad2dce19efd0","RCIA-C-001177","affiche-evenement-atelier-creatif","/eventflyer","affiche-evenement-atelier-creatif","","uuid5_brouillon_hors_kit","raccourcia:brouillon:affiche-evenement-atelier-creatif"
"d3b223e0-95d3-5244-987b-1b6dbf51311e","RCIA-C-001178","eventlineup","/eventlineup","affiche-de-programmation","","uuid5_brouillon_hors_kit","raccourcia:brouillon:eventlineup"
"68091407-a5d6-5c71-b5f1-b2f53a825dc8","RCIA-C-001179","eventstage","/eventstage","scene-evenementielle","","uuid5_brouillon_hors_kit","raccourcia:brouillon:eventstage"
"4b3aaec7-e482-54db-9b51-69bd6f268c15","RCIA-C-001180","assemblage-eclate-precis-pieces-et-nomenclature","/explodedassembly","assemblage-eclate-precis-pieces-et-nomenclature","","uuid5_brouillon_hors_kit","raccourcia:brouillon:assemblage-eclate-precis-pieces-et-nomenclature"
"11426c7e-9cd9-5572-b379-89d0b96cb4e6","RCIA-C-001181","expression","/expression","expression-cible","","uuid5_brouillon_hors_kit","raccourcia:brouillon:expression"
"3e8a45fa-0a4d-550f-934e-a5c9884cdf5e","RCIA-C-001182","extendframe","/extendframe","extension-de-cadre","","uuid5_brouillon_hors_kit","raccourcia:brouillon:extendframe"
"b086eedf-2723-516e-bc03-d3f7c839cdb4","RCIA-C-001183","eyeglassglare","/eyeglassglare","reflets-de-lunettes","","uuid5_brouillon_hors_kit","raccourcia:brouillon:eyeglassglare"
"3520f1ae-459d-5a15-a157-f12ffc5cd162","RCIA-C-001184","eyetracking","/eyetracking","carte-d-attention-visuelle","","uuid5_brouillon_hors_kit","raccourcia:brouillon:eyetracking"
"7cc51622-2db9-5e8f-b2eb-841d28480798","RCIA-C-001185","fabricdrape","/fabricdrape","simulation-de-drape","","uuid5_brouillon_hors_kit","raccourcia:brouillon:fabricdrape"
"c1a44963-0add-51b9-887a-a3d1a0bb9863","RCIA-C-001186","facaderenovation","/facaderenovation","renovation-facade","","uuid5_brouillon_hors_kit","raccourcia:brouillon:facaderenovation"
"16c86a0a-e070-5968-b2d8-6c9a3c36ec74","RCIA-C-001187","fantasycreature","/fantasycreature","ma-creature-fantastique","","uuid5_brouillon_hors_kit","raccourcia:brouillon:fantasycreature"
"fb1c287c-0788-5b31-b715-ae006d519079","RCIA-C-001188","fantasylook","/fantasylook","look-fantastique","","uuid5_brouillon_hors_kit","raccourcia:brouillon:fantasylook"
"4d15960b-b5c6-59b0-9aac-c2aeb9837852","RCIA-C-001189","fashioncampaignset","/fashioncampaignset","mini-campagne-mode","","uuid5_brouillon_hors_kit","raccourcia:brouillon:fashioncampaignset"
"87fcc40a-ea48-5064-8cda-503867b18039","RCIA-C-001190","featurediagram","/featurediagram","fonctionnalites-visualisees","","uuid5_brouillon_hors_kit","raccourcia:brouillon:featurediagram"
"d9d3189a-09c9-52f4-b2af-3ce83dfc28ba","RCIA-C-001191","featurespotlight","/featurespotlight","focus-fonctionnalite","","uuid5_brouillon_hors_kit","raccourcia:brouillon:featurespotlight"
"4804ac16-6437-589e-8366-61d407c0ce4b","RCIA-C-001192","feltcraft","/feltcraft","feutrine-artisanale","","uuid5_brouillon_hors_kit","raccourcia:brouillon:feltcraft"
"887b289f-0954-5574-89bb-2d33cf6ec773","RCIA-C-001193","festivalheadliner","/festivalheadliner","tete-d-affiche-de-festival","","uuid5_brouillon_hors_kit","raccourcia:brouillon:festivalheadliner"
"f7ab594e-4d35-52d0-81fc-e6d01fea298b","RCIA-C-001194","filmnoirportrait","/filmnoirportrait","portrait-film-noir","","uuid5_brouillon_hors_kit","raccourcia:brouillon:filmnoirportrait"
"3d8d4691-861f-5841-8122-3e512249ed37","RCIA-C-001195","fireeffect","/fireeffect","sculpture-de-feu","","uuid5_brouillon_hors_kit","raccourcia:brouillon:fireeffect"
"df323b20-3992-5c76-94e6-f5d254e197e1","RCIA-C-001196","fitnessportrait","/fitnessportrait","portrait-fitness","","uuid5_brouillon_hors_kit","raccourcia:brouillon:fitnessportrait"
"fd03f6af-2090-58f3-a37d-61e10a323415","RCIA-C-001197","floatingproduct","/floatingproduct","produit-en-suspension","","uuid5_brouillon_hors_kit","raccourcia:brouillon:floatingproduct"
"bacc3b5b-6cf5-50ba-909d-165886d15563","RCIA-C-001198","floorplan","/floorplan","plan-espace","","uuid5_brouillon_hors_kit","raccourcia:brouillon:floorplan"
"0066c82e-82aa-5730-93e6-b2fb8299831d","RCIA-C-001199","flowchartvisual","/flowchartvisual","organigramme-de-flux","","uuid5_brouillon_hors_kit","raccourcia:brouillon:flowchartvisual"
"eb4aa95d-d0ab-5621-91a2-e58dff86d2bf","RCIA-C-001200","flowersculpture","/flowersculpture","sculpture-florale","","uuid5_brouillon_hors_kit","raccourcia:brouillon:flowersculpture"
"76e233a7-49f7-5f1f-87e2-9b9638a066ef","RCIA-C-001201","selfie-bouquet-bouquet-monumental","/flowerstelephone","selfie-bouquet-bouquet-monumental","","uuid5_brouillon_hors_kit","raccourcia:brouillon:selfie-bouquet-bouquet-monumental"
"fa7103b9-6b94-512d-9828-ccdfeccfb36e","RCIA-C-001202","foodminiature","/foodminiature","miniature-culinaire","","uuid5_brouillon_hors_kit","raccourcia:brouillon:foodminiature"
"0d9f5265-34c8-5f07-bf59-088854277675","RCIA-C-001203","fouruniverses","/fouruniverses","moi-dans-quatre-univers","","uuid5_brouillon_hors_kit","raccourcia:brouillon:fouruniverses"
"9c755db5-daef-5707-b00b-6b308df71866","RCIA-C-001204","friendgroupcast","/friendgroupcast","casting-de-notre-groupe","","uuid5_brouillon_hors_kit","raccourcia:brouillon:friendgroupcast"
"2fd25dae-6b25-56a5-92f5-6e4c59772ad9","RCIA-C-001205","furnitureswap","/furnitureswap","changer-mobilier","","uuid5_brouillon_hors_kit","raccourcia:brouillon:furnitureswap"
"20efbf78-4456-536a-b573-4889486ea818","RCIA-C-001206","futurehomevision","/futurehomevision","vision-de-ma-future-maison","","uuid5_brouillon_hors_kit","raccourcia:brouillon:futurehomevision"
"090b89e4-3445-5e41-82d6-c6195e34c839","RCIA-C-001207","galaeditorial","/galaeditorial","editorial-de-gala","","uuid5_brouillon_hors_kit","raccourcia:brouillon:galaeditorial"
"b70a7198-7f10-5f1f-b38e-137f852bc599","RCIA-C-001208","galaxybody","/galaxybody","silhouette-cosmique","","uuid5_brouillon_hors_kit","raccourcia:brouillon:galaxybody"
"4bd0eb12-9afd-58fe-b5aa-bf516aff8fca","RCIA-C-001209","gardenplan","/gardenplan","amenagement-jardin","","uuid5_brouillon_hors_kit","raccourcia:brouillon:gardenplan"
"4f8c29e4-5da8-5b95-a106-37815d7e4696","RCIA-C-001210","geologycutaway","/geologycutaway","coupe-geologique","","uuid5_brouillon_hors_kit","raccourcia:brouillon:geologycutaway"
"084e9517-2fd0-5672-8c33-472eb2646742","RCIA-C-001211","jardin-anime-japonais-pause-dans-la-serre","/ghibligarden","jardin-anime-japonais-pause-dans-la-serre","","uuid5_brouillon_hors_kit","raccourcia:brouillon:jardin-anime-japonais-pause-dans-la-serre"
"926fda64-4781-5bab-a17c-7de8b428cec6","RCIA-C-001212","ghostview","/ghostview","vue-fantome","","uuid5_brouillon_hors_kit","raccourcia:brouillon:ghostview"
"96e21fc0-d414-538e-af8c-cf9e9e3f1ebb","RCIA-C-001213","giantproduct","/giantproduct","produit-geant","","uuid5_brouillon_hors_kit","raccourcia:brouillon:giantproduct"
"1da34b2a-9e93-5a8b-89b5-fb3b16c47794","RCIA-C-001214","glassmorph","/glassmorph","produit-en-verre","","uuid5_brouillon_hors_kit","raccourcia:brouillon:glassmorph"
"a8d76b6a-c2b3-5301-9869-01f9469676c4","RCIA-C-001215","glitch","/glitch","glitch-premium","","uuid5_brouillon_hors_kit","raccourcia:brouillon:glitch"
"b35c893a-8c48-50d3-99c5-4b33e072b102","RCIA-C-001216","celebration-de-but-glissade-de-victoire","/goalcelebration","celebration-de-but-glissade-de-victoire","","uuid5_brouillon_hors_kit","raccourcia:brouillon:celebration-de-but-glissade-de-victoire"
"e5ecb94e-52bf-5476-9f0f-20ec8ac1c1ac","RCIA-C-001217","graffiti","/graffiti","graffiti-mural","","uuid5_brouillon_hors_kit","raccourcia:brouillon:graffiti"
"fdfe5a10-2798-5f57-82ef-f92f483404fd","RCIA-C-001218","gravityflip","/gravityflip","gravite-inversee","","uuid5_brouillon_hors_kit","raccourcia:brouillon:gravityflip"
"17fe5f2e-9e66-50f1-9b26-a1a3fcf0e908","RCIA-C-001219","handwritten","/handwritten","ecriture-manuscrite","","uuid5_brouillon_hors_kit","raccourcia:brouillon:handwritten"
"f3a57962-72e7-55a1-b2ab-0ccc865b85eb","RCIA-C-001220","headwrapstyle","/headwrapstyle","style-de-foulard","img-headwrapstyle","uuid5_brouillon_hors_kit","raccourcia:brouillon:headwrapstyle"
"6dc18c1b-bb55-5d07-ab1b-1c9e875ada68","RCIA-C-001221","hologramself","/hologramself","ma-version-holographique","","uuid5_brouillon_hors_kit","raccourcia:brouillon:hologramself"
"c97b2a86-1092-5f48-962e-c60274a1e55d","RCIA-C-001222","homestaging","/homestaging","home-staging","","uuid5_brouillon_hors_kit","raccourcia:brouillon:homestaging"
"763ced58-b4c7-5819-8f18-0b35ec0a4945","RCIA-C-001223","hotelroom","/hotelroom","chambre-d-hotel","","uuid5_brouillon_hors_kit","raccourcia:brouillon:hotelroom"
"4e57fd98-30b7-5204-a88e-f5dfd68110b3","RCIA-C-001224","icecarving","/icecarving","sculpture-de-glace","","uuid5_brouillon_hors_kit","raccourcia:brouillon:icecarving"
"a0279551-ce0d-53cb-9b93-cda3e132fdf9","RCIA-C-001225","selfie-princesse-des-glaces-coulisses-du-bal","/iceprincessselfie","selfie-princesse-des-glaces-coulisses-du-bal","","uuid5_brouillon_hors_kit","raccourcia:brouillon:selfie-princesse-des-glaces-coulisses-du-bal"
"79ede64e-0fcf-595d-aa2b-fd0e923ae1ca","RCIA-C-001226","infographic","/infographic","infographie-claire","","uuid5_brouillon_hors_kit","raccourcia:brouillon:infographic"
"c120f2b8-9382-5ad7-9bf0-9b9f1a81045e","RCIA-C-001227","infraredlook","/infraredlook","photo-infrarouge","","uuid5_brouillon_hors_kit","raccourcia:brouillon:infraredlook"
"e5e63dcd-7e8a-57ea-bcf8-d0d929cbc490","RCIA-C-001228","inkcloud","/inkcloud","nuage-d-encre","img-inkcloud","uuid5_brouillon_hors_kit","raccourcia:brouillon:inkcloud"
"05fc1d64-528f-5eb7-bed9-2c92ed35c863","RCIA-C-001229","installationmap","/installationmap","guide-d-installation","","uuid5_brouillon_hors_kit","raccourcia:brouillon:installationmap"
"a90f01c3-b642-5539-a5d0-71aefa43d620","RCIA-C-001230","instructionvisual","/instructionvisual","notice-visuelle","","uuid5_brouillon_hors_kit","raccourcia:brouillon:instructionvisual"
"2661ba3a-4bf3-54d8-a6dd-de70f5c7282c","RCIA-C-001231","jpegrepair","/jpegrepair","reparation-jpeg","","uuid5_brouillon_hors_kit","raccourcia:brouillon:jpegrepair"
"1fa8f46b-b88d-5e0b-8e3a-6106169f2533","RCIA-C-001232","lettres-en-scene-le-mot-devient-decor","/kineticletters","lettres-en-scene-le-mot-devient-decor","","uuid5_brouillon_hors_kit","raccourcia:brouillon:lettres-en-scene-le-mot-devient-decor"
"20be0bb8-329f-5af0-9ced-34861bc90201","RCIA-C-001233","knitted","/knitted","version-tricot","","uuid5_brouillon_hors_kit","raccourcia:brouillon:knitted"
"51199251-9dfa-5f53-90bd-74309de6c764","RCIA-C-001234","landinghero","/landinghero","hero-de-landing-page","img-landinghero","uuid5_brouillon_hors_kit","raccourcia:brouillon:landinghero"
"31804a5c-471b-5088-99e9-53515efc8f2b","RCIA-C-001235","landscaperedesign","/landscaperedesign","amenagement-paysager","","uuid5_brouillon_hors_kit","raccourcia:brouillon:landscaperedesign"
"98ac9978-f93f-5a63-8b46-d37f4fe32679","RCIA-C-001236","layerstack","/layerstack","empilement-des-couches","img-layerstack","uuid5_brouillon_hors_kit","raccourcia:brouillon:layerstack"
"afd7d61c-e496-5d3c-b37f-8d9e86b9b0e1","RCIA-C-001237","levitatingcity","/levitatingcity","ville-en-levitation","","uuid5_brouillon_hors_kit","raccourcia:brouillon:levitatingcity"
"25aa240e-ebcd-50e9-ba0b-88b59b2c9915","RCIA-C-001238","levitation","/levitation","levitation-d-objets","","uuid5_brouillon_hors_kit","raccourcia:brouillon:levitation"
"fc099bb2-f1d3-5112-918f-f25ed6c68894","RCIA-C-001239","lightpaint","/lightpaint","light-painting","","uuid5_brouillon_hors_kit","raccourcia:brouillon:lightpaint"
"d128821b-e1c4-5dd9-b70a-7ad5df95705e","RCIA-C-001240","linkedinportrait","/linkedinportrait","portrait-linkedin","","uuid5_brouillon_hors_kit","raccourcia:brouillon:linkedinportrait"
"add5c9fe-9e70-52b2-85b2-ae91dea446f7","RCIA-C-001241","linocut","/linocut","linogravure","","uuid5_brouillon_hors_kit","raccourcia:brouillon:linocut"
"37cb9f61-50b0-563c-a2bd-41fe19ee9e6a","RCIA-C-001242","liquidsplash","/liquidsplash","splash-liquide","","uuid5_brouillon_hors_kit","raccourcia:brouillon:liquidsplash"
"403f256b-0adf-5ee7-889c-387d75628c5f","RCIA-C-001243","localbusinessad","/localbusinessad","publicite-locale","img-localbusinessad","uuid5_brouillon_hors_kit","raccourcia:brouillon:localbusinessad"
"efa1ab6c-57c8-5e34-b991-550575e5007f","RCIA-C-001244","lookbook","/lookbook","lookbook-mode","","uuid5_brouillon_hors_kit","raccourcia:brouillon:lookbook"
"6b13337d-6ae4-5a80-b464-67b4e68ebbe2","RCIA-C-001245","lowlightrescue","/lowlightrescue","sauvetage-basse-lumiere","","uuid5_brouillon_hors_kit","raccourcia:brouillon:lowlightrescue"
"22ee828c-a70f-5628-ac2a-7932456de371","RCIA-C-001246","lowpoly","/lowpoly","low-poly","","uuid5_brouillon_hors_kit","raccourcia:brouillon:lowpoly"
"4d2dc53f-29ae-588d-a93e-abfb5e6f32e2","RCIA-C-001247","loyaltycard","/loyaltycard","carte-de-fidelite","","uuid5_brouillon_hors_kit","raccourcia:brouillon:loyaltycard"
"6e8dbba6-169f-5a1b-9ec7-46ae2179c15f","RCIA-C-001248","luxuryportrait","/luxuryportrait","portrait-luxe","","uuid5_brouillon_hors_kit","raccourcia:brouillon:luxuryportrait"
"45129c29-33ef-5915-b188-223f95d6af56","RCIA-C-001249","macrodetail","/macrodetail","macro-matiere","img-macrodetail","uuid5_brouillon_hors_kit","raccourcia:brouillon:macrodetail"
"94e86bf0-e844-550c-8c68-c4fa41b85519","RCIA-C-001250","magazinecover","/magazinecover","lifestyle-reference-elle","img-magazinecover","uuid5_brouillon_hors_kit","raccourcia:brouillon:magazinecover"
"d6f347e8-dadc-5cbc-a0fb-ffdb2f034d97","RCIA-C-001251","magazineportrait","/magazineportrait","portrait-couverture","","uuid5_brouillon_hors_kit","raccourcia:brouillon:magazineportrait"
"3948768a-a53d-518e-a55c-6992995d7ac7","RCIA-C-001252","maintenancevisual","/maintenancevisual","entretien-illustre","","uuid5_brouillon_hors_kit","raccourcia:brouillon:maintenancevisual"
"4680c1a8-1208-5de3-9fea-f15ee95ae6f2","RCIA-C-001253","makeupboard","/makeupboard","planche-maquillage","","uuid5_brouillon_hors_kit","raccourcia:brouillon:makeupboard"
"47ab0ca6-2e56-5f50-81c9-41904dc8f3e1","RCIA-C-001254","mangapanel","/mangapanel","case-manga","","uuid5_brouillon_hors_kit","raccourcia:brouillon:mangapanel"
"6d77ff6e-e151-52b4-9ee2-1c7cc9be049b","RCIA-C-001255","mapvisual","/mapvisual","carte-stylisee","","uuid5_brouillon_hors_kit","raccourcia:brouillon:mapvisual"
"be5a5733-e5e2-585e-a421-1bf773800cbe","RCIA-C-001256","materialscan","/materialscan","scan-des-matieres","","uuid5_brouillon_hors_kit","raccourcia:brouillon:materialscan"
"0bac6197-98fa-5bf5-a33c-c069815e4e71","RCIA-C-001257","coupe-de-matiere-architecture-des-couches","/materialsection","coupe-de-matiere-architecture-des-couches","","uuid5_brouillon_hors_kit","raccourcia:brouillon:coupe-de-matiere-architecture-des-couches"
"21ceee7a-836f-54da-bc92-81f3de880574","RCIA-C-001258","mechanismcycle","/mechanismcycle","cycle-du-mecanisme","","uuid5_brouillon_hors_kit","raccourcia:brouillon:mechanismcycle"
"c18f041d-ba8d-5ab6-89bb-4a4952745188","RCIA-C-001259","mecanisme-en-mouvement-trois-positions","/mechanismmotion","mecanisme-en-mouvement-trois-positions","","uuid5_brouillon_hors_kit","raccourcia:brouillon:mecanisme-en-mouvement-trois-positions"
"e1c46012-5926-56df-b6de-c0d8a8bf7bbd","RCIA-C-001260","medicalillustration","/medicalillustration","illustration-medicale","","uuid5_brouillon_hors_kit","raccourcia:brouillon:medicalillustration"
"687027d1-9f9b-5c06-a92a-d4f97d3b3c52","RCIA-C-001261","memepro","/memepro","meme-propre","","uuid5_brouillon_hors_kit","raccourcia:brouillon:memepro"
"a03292d5-7fd0-560d-af00-0335b9cf9ae3","RCIA-C-001262","menucreative","/menucreative","menu-creatif","","uuid5_brouillon_hors_kit","raccourcia:brouillon:menucreative"
"63dd2753-5409-5025-8305-8328f10a497d","RCIA-C-001263","merchandising","/merchandising","plan-merchandising","","uuid5_brouillon_hors_kit","raccourcia:brouillon:merchandising"
"59d3eaeb-fa98-5b94-951d-b87a0e69f958","RCIA-C-001264","miniature","/miniature","miniature-realiste","img-miniature","uuid5_brouillon_hors_kit","raccourcia:brouillon:miniature"
"1b0bddc6-ccd0-5544-93dd-7726ec49756b","RCIA-C-001265","mirrorfit","/mirrorfit","fit-check-miroir","","uuid5_brouillon_hors_kit","raccourcia:brouillon:mirrorfit"
"084741fc-f82e-5aca-a028-e7bce46ce00e","RCIA-C-001266","miroir-portail-du-salon-a-la-plage","/mirrorportal","miroir-portail-du-salon-a-la-plage","","uuid5_brouillon_hors_kit","raccourcia:brouillon:miroir-portail-du-salon-a-la-plage"
"ffdbde42-6f06-5df9-9fdf-b09bd2bb2bac","RCIA-C-001267","lookbook-personnel-trois-tenues-une-identite","/moodboardfit","lookbook-personnel-trois-tenues-une-identite","","uuid5_brouillon_hors_kit","raccourcia:brouillon:lookbook-personnel-trois-tenues-une-identite"
"9e056206-5f52-59e9-ad19-7dafb821c253","RCIA-C-001268","mosaic","/mosaic","mosaique","","uuid5_brouillon_hors_kit","raccourcia:brouillon:mosaic"
"528a4a80-f6d6-5c8a-9625-0cf8946c74cb","RCIA-C-001269","motionecho","/motionecho","echos-de-mouvement","","uuid5_brouillon_hors_kit","raccourcia:brouillon:motionecho"
"56438dc7-2ba2-5a70-9ec8-93f9f885706b","RCIA-C-001270","motionfreeze","/motionfreeze","mouvement-fige","","uuid5_brouillon_hors_kit","raccourcia:brouillon:motionfreeze"
"d2c30e71-291e-56ba-85d7-6884d023d622","RCIA-C-001271","musicianportrait","/musicianportrait","portrait-musicien","","uuid5_brouillon_hors_kit","raccourcia:brouillon:musicianportrait"
"6fa274f1-ab8d-5ba4-a495-83410a533303","RCIA-C-001272","musicreleasekit","/musicreleasekit","kit-de-sortie-musicale","","uuid5_brouillon_hors_kit","raccourcia:brouillon:musicreleasekit"
"5545ac16-0621-571e-8efc-da11e3dca9ab","RCIA-C-001273","univers-naruto-duo-au-comptoir-de-ramen","/narutoworld","univers-naruto-duo-au-comptoir-de-ramen","","uuid5_brouillon_hors_kit","raccourcia:brouillon:univers-naruto-duo-au-comptoir-de-ramen"
"64528c1b-3e46-52b1-8692-525d5520845d","RCIA-C-001274","neon","/neon","lueur-neon","","uuid5_brouillon_hors_kit","raccourcia:brouillon:neon"
"34772049-2919-5900-89fc-e48a018f8b68","RCIA-C-001275","networktopology","/networktopology","topologie-reseau","","uuid5_brouillon_hors_kit","raccourcia:brouillon:networktopology"
"530f054e-4afb-537b-8867-0ebb2e714fc9","RCIA-C-001276","reseau-neuronal-illustre-de-l-entree-a-la-prediction","/neuralmachine","reseau-neuronal-illustre-de-l-entree-a-la-prediction","","uuid5_brouillon_hors_kit","raccourcia:brouillon:reseau-neuronal-illustre-de-l-entree-a-la-prediction"
"3e52939b-7f4c-5786-83de-0c55721b826b","RCIA-C-001277","nightarchitecture","/nightarchitecture","architecture-de-nuit","","uuid5_brouillon_hors_kit","raccourcia:brouillon:nightarchitecture"
"5980784d-921e-5ff2-ad8e-531fef745d7a","RCIA-C-001278","nightvisionlook","/nightvisionlook","vision-nocturne","","uuid5_brouillon_hors_kit","raccourcia:brouillon:nightvisionlook"
"5fd313c7-896b-51e5-bcd0-9d7cea4b2237","RCIA-C-001279","noisecleanup","/noisecleanup","reduction-du-bruit","","uuid5_brouillon_hors_kit","raccourcia:brouillon:noisecleanup"
"508acd06-87ee-5eba-8eff-8a0e8886b30e","RCIA-C-001280","objectreplace","/objectreplace","remplacer-un-objet","","uuid5_brouillon_hors_kit","raccourcia:brouillon:objectreplace"
"483a4633-e6b1-549e-8492-c0f5f9b58580","RCIA-C-001281","oldphotocolor","/oldphotocolor","colorisation-photo-ancienne","","uuid5_brouillon_hors_kit","raccourcia:brouillon:oldphotocolor"
"fc3c2357-96eb-5746-89b9-1df3431e80c6","RCIA-C-001282","univers-one-piece-bienvenue-sur-le-pont","/onepiececrew","univers-one-piece-bienvenue-sur-le-pont","","uuid5_brouillon_hors_kit","raccourcia:brouillon:univers-one-piece-bienvenue-sur-le-pont"
"b7282e61-7b99-5758-9312-c8fae9433739","RCIA-C-001283","orthographicboard","/orthographicboard","planche-de-vues-techniques-coupe-a-a","img-orthographicboard","uuid5_brouillon_hors_kit","raccourcia:brouillon:orthographicboard"
"d1b99633-3d5c-5f6b-b82b-7fb64f696b6d","RCIA-C-001284","outfitgrid","/outfitgrid","grille-de-tenues","","uuid5_brouillon_hors_kit","raccourcia:brouillon:outfitgrid"
"9fe4669c-79a8-518b-99f5-2ecc1bfc77c3","RCIA-C-001285","packagingdieline","/packagingdieline","apercu-de-decoupe-packaging","","uuid5_brouillon_hors_kit","raccourcia:brouillon:packagingdieline"
"925d8cbb-22f9-5d19-9577-86319f115fae","RCIA-C-001286","packshot","/packshot","photo-produit-studio","img-packshot","uuid5_brouillon_hors_kit","raccourcia:brouillon:packshot"
"31e03625-1152-50e4-8ab1-28b1e6e2bab3","RCIA-C-001287","papercut","/papercut","decoupe-papier","","uuid5_brouillon_hors_kit","raccourcia:brouillon:papercut"
"3352b4a1-b345-56a9-9f5b-564e84003017","RCIA-C-001288","paperquilling","/paperquilling","papier-quilling","","uuid5_brouillon_hors_kit","raccourcia:brouillon:paperquilling"
"31f5e3b9-fb4b-5621-8696-075a68b4e435","RCIA-C-001289","particleburst","/particleburst","dispersion-en-particules","","uuid5_brouillon_hors_kit","raccourcia:brouillon:particleburst"
"b0ef964c-67fe-5560-8abc-215ca97f923b","RCIA-C-001290","partslabel","/partslabel","pieces-legendees","","uuid5_brouillon_hors_kit","raccourcia:brouillon:partslabel"
"6b865354-b0b6-55e6-87c1-8771cb0c5637","RCIA-C-001291","pastfutureduo","/pastfutureduo","moi-face-a-mon-futur","","uuid5_brouillon_hors_kit","raccourcia:brouillon:pastfutureduo"
"474c9bb2-de68-52a7-b269-877a9701aff6","RCIA-C-001292","personalbrandkit","/personalbrandkit","kit-photo-de-marque-personnelle","","uuid5_brouillon_hors_kit","raccourcia:brouillon:personalbrandkit"
"75603327-7b4e-5d09-938a-57dca11ebaf6","RCIA-C-001293","perspectivefix","/perspectivefix","correction-de-perspective","","uuid5_brouillon_hors_kit","raccourcia:brouillon:perspectivefix"
"8ca191fa-e8b6-52bd-8d0b-d22e9da058b3","RCIA-C-001294","animaux-au-bureau-le-chat-directeur","/petoffice","animaux-au-bureau-le-chat-directeur","","uuid5_brouillon_hors_kit","raccourcia:brouillon:animaux-au-bureau-le-chat-directeur"
"5d354ba7-b2a8-5868-91b4-82aeccee149a","RCIA-C-001295","photo-dump-coherent-journee-a-abidjan","/photodump","photo-dump-coherent-journee-a-abidjan","","uuid5_brouillon_hors_kit","raccourcia:brouillon:photo-dump-coherent-journee-a-abidjan"
"7b62a332-9918-5bac-b04f-ca9466598e63","RCIA-C-001296","pixelart","/pixelart","pixel-art","","uuid5_brouillon_hors_kit","raccourcia:brouillon:pixelart"
"761ef1a4-9524-5587-a7eb-e38290dad8ff","RCIA-C-001297","monde-de-poche-cafe-dans-une-tasse","/pocketworld","monde-de-poche-cafe-dans-une-tasse","","uuid5_brouillon_hors_kit","raccourcia:brouillon:monde-de-poche-cafe-dans-une-tasse"
"d8ac176c-20c9-50d4-afd9-2110a96db80a","RCIA-C-001298","partenaire-pokemon-pikachu-dans-la-rue","/pokemonpartner","partenaire-pokemon-pikachu-dans-la-rue","","uuid5_brouillon_hors_kit","raccourcia:brouillon:partenaire-pokemon-pikachu-dans-la-rue"
"60a59ed7-fa91-5e0d-bbaf-18c96b0647c5","RCIA-C-001299","polaroid-vivant-le-sujet-sort-du-tirage","/polaroidspill","polaroid-vivant-le-sujet-sort-du-tirage","","uuid5_brouillon_hors_kit","raccourcia:brouillon:polaroid-vivant-le-sujet-sort-du-tirage"
"711956fd-64e4-596c-bf2a-546d8b6aa4e6","RCIA-C-001300","pooldesign","/pooldesign","concept-piscine","","uuid5_brouillon_hors_kit","raccourcia:brouillon:pooldesign"
"9876d82c-1825-52b6-b7a1-5e7ba0159579","RCIA-C-001301","portalworld","/portalworld","portail-vers-un-autre-monde","","uuid5_brouillon_hors_kit","raccourcia:brouillon:portalworld"
"4ba50f11-8c53-5293-abdc-8f926582083b","RCIA-C-001302","portraitbackground","/portraitbackground","fond-de-portrait","","uuid5_brouillon_hors_kit","raccourcia:brouillon:portraitbackground"
"c44154f6-4dff-5c97-ac8b-1a9e02a771b8","RCIA-C-001303","posecoach","/posecoach","variantes-de-pose","","uuid5_brouillon_hors_kit","raccourcia:brouillon:posecoach"
"c4b5f6d0-09c6-5130-ac78-0f23867950ea","RCIA-C-001304","poster","/poster","affiche-impact","","uuid5_brouillon_hors_kit","raccourcia:brouillon:poster"
"1cb9d9ea-924f-5af2-81bc-aff74a438174","RCIA-C-001305","pov-miniature-dans-le-sac-de-sport","/povminiature","pov-miniature-dans-le-sac-de-sport","","uuid5_brouillon_hors_kit","raccourcia:brouillon:pov-miniature-dans-le-sac-de-sport"
"67c105b6-224c-54ca-ae43-34fc129685da","RCIA-C-001306","problemsolutionad","/problemsolutionad","probleme-solution","","uuid5_brouillon_hors_kit","raccourcia:brouillon:problemsolutionad"
"2a21af57-aa10-53b9-82d8-742526612b81","RCIA-C-001307","processus-illustre-flux-en-cinq-etapes","/processmap","processus-illustre-flux-en-cinq-etapes","","uuid5_brouillon_hors_kit","raccourcia:brouillon:processus-illustre-flux-en-cinq-etapes"
"a3bdf023-4d4a-5dcb-82db-21adac87550e","RCIA-C-001308","processvisual","/processvisual","processus-visuel","img-processvisual","uuid5_brouillon_hors_kit","raccourcia:brouillon:processvisual"
"32d69154-4fc8-53a3-934d-4459d04452ad","RCIA-C-001309","produit-sous-tous-les-angles-six-vues-fideles","/productangles","produit-sous-tous-les-angles-six-vues-fideles","","uuid5_brouillon_hors_kit","raccourcia:brouillon:produit-sous-tous-les-angles-six-vues-fideles"
"1fe45563-54c4-552e-bf33-5b99c1f62e4d","RCIA-C-001310","productburst","/productburst","explosion-de-benefices","","uuid5_brouillon_hors_kit","raccourcia:brouillon:productburst"
"3e21a3e1-cec1-5a79-8f58-f7e6e3b2c77f","RCIA-C-001311","productcarousel","/productcarousel","carrousel-produit","img-productcarousel","uuid5_brouillon_hors_kit","raccourcia:brouillon:productcarousel"
"63d51f58-1308-57df-8baa-26a1bb222b12","RCIA-C-001312","productcharacter","/productcharacter","produit-personnage","","uuid5_brouillon_hors_kit","raccourcia:brouillon:productcharacter"
"0f8a16ef-4116-527b-bb4e-e7368f341d2a","RCIA-C-001313","productcleanup","/productcleanup","nettoyage-produit","img-productcleanup","uuid5_brouillon_hors_kit","raccourcia:brouillon:productcleanup"
"dbe33024-a57d-5cc6-ad29-8caf1a42c5f5","RCIA-C-001314","produit-eclate-creatif-ingredients-en-suspension","/productexplosion","produit-eclate-creatif-ingredients-en-suspension","","uuid5_brouillon_hors_kit","raccourcia:brouillon:produit-eclate-creatif-ingredients-en-suspension"
"64718ef0-b8b7-529e-b6c1-339e4d88fbef","RCIA-C-001315","productgrid","/productgrid","grille-de-produits","img-productgrid","uuid5_brouillon_hors_kit","raccourcia:brouillon:productgrid"
"67d9daf6-e3a5-590b-a4e8-bedf19e899da","RCIA-C-001316","producthero","/producthero","hero-produit","","uuid5_brouillon_hors_kit","raccourcia:brouillon:producthero"
"74233acd-95c8-5de1-8329-109d9245e32a","RCIA-C-001317","productinuse","/productinuse","produit-en-situation","","uuid5_brouillon_hors_kit","raccourcia:brouillon:productinuse"
"b42ec98e-f6f2-5ea5-832e-4bbe99e74a3f","RCIA-C-001318","profilelaunch","/profilelaunch","lancement-de-profil","","uuid5_brouillon_hors_kit","raccourcia:brouillon:profilelaunch"
"9cea7de0-f668-5eec-a8da-fecbcc9b1401","RCIA-C-001319","profilepicset","/profilepicset","pack-de-photos-de-profil","","uuid5_brouillon_hors_kit","raccourcia:brouillon:profilepicset"
"b41943f6-f270-5545-940f-830eb2e8abe7","RCIA-C-001320","realestatehero","/realestatehero","visuel-immobilier","","uuid5_brouillon_hors_kit","raccourcia:brouillon:realestatehero"
"9c047b85-6f31-5cd4-8d42-3516f1f02092","RCIA-C-001321","ticket-souvenir-ticket-de-sortie","/receiptmemory","ticket-souvenir-ticket-de-sortie","","uuid5_brouillon_hors_kit","raccourcia:brouillon:ticket-souvenir-ticket-de-sortie"
"87a38462-3dd5-5c38-ac3e-a9a8e2f378fe","RCIA-C-001322","portrait-recursif-cadre-dans-le-cadre","/recursiveframe","portrait-recursif-cadre-dans-le-cadre","","uuid5_brouillon_hors_kit","raccourcia:brouillon:portrait-recursif-cadre-dans-le-cadre"
"f762c914-db79-5a14-a8d6-5757932095c9","RCIA-C-001323","couverture-reels-et-tiktok-accroche-visuelle","/reelcover","couverture-reels-et-tiktok-accroche-visuelle","","uuid5_brouillon_hors_kit","raccourcia:brouillon:couverture-reels-et-tiktok-accroche-visuelle"
"51070adf-9ec3-5524-8d81-6543fee37ded","RCIA-C-001324","relightmatch","/relightmatch","harmonisation-lumineuse","","uuid5_brouillon_hors_kit","raccourcia:brouillon:relightmatch"
"e776a751-29bb-5ab8-add9-e54847016725","RCIA-C-001325","removebackground","/removebackground","detourage-propre","","uuid5_brouillon_hors_kit","raccourcia:brouillon:removebackground"
"776f8169-2e2a-5300-93d4-79bc880bb344","RCIA-C-001326","removeobject","/removeobject","suppression-d-objet","","uuid5_brouillon_hors_kit","raccourcia:brouillon:removeobject"
"6e3eaff6-97d1-5b41-9ec6-bbeb55e6d71d","RCIA-C-001327","restaurantmenu","/restaurantmenu","carte-restaurant-plat-signature","","uuid5_brouillon_hors_kit","raccourcia:brouillon:restaurantmenu"
"06e83aa7-343a-5794-b0ce-1b8d63742a01","RCIA-C-001328","restorephoto","/restorephoto","restauration-photo","","uuid5_brouillon_hors_kit","raccourcia:brouillon:restorephoto"
"5ceddcc7-b3d8-56f1-814c-9743c4b6fc6e","RCIA-C-001329","retailstand","/retailstand","presentoir-magasin","","uuid5_brouillon_hors_kit","raccourcia:brouillon:retailstand"
"c3bf8f26-e211-534d-94ac-57f27dd931e4","RCIA-C-001330","retouchclean","/retouchclean","retouche-naturelle","","uuid5_brouillon_hors_kit","raccourcia:brouillon:retouchclean"
"19e01e55-e791-5e23-8fc5-493769288180","RCIA-C-001331","retro80s","/retro80s","moi-dans-les-annees-80","","uuid5_brouillon_hors_kit","raccourcia:brouillon:retro80s"
"96e095de-64dd-523f-b1b1-7b05e2dbea0e","RCIA-C-001332","risograph","/risograph","style-risographie","","uuid5_brouillon_hors_kit","raccourcia:brouillon:risograph"
"deaf435e-423f-565c-a42b-e67b48f1c192","RCIA-C-001333","roompersonality","/roompersonality","une-piece-a-mon-image","","uuid5_brouillon_hors_kit","raccourcia:brouillon:roompersonality"
"8f47d4c2-ad20-5499-a460-4d0eab827fbc","RCIA-C-001334","roomredesign","/roomredesign","redesign-de-piece","","uuid5_brouillon_hors_kit","raccourcia:brouillon:roomredesign"
"8c5d797e-b859-50c3-8382-39f01b0a1c93","RCIA-C-001335","safetyvisual","/safetyvisual","consignes-de-securite","img-safetyvisual","uuid5_brouillon_hors_kit","raccourcia:brouillon:safetyvisual"
"c8ede5ba-342d-5f9d-84c5-8dcbf45afc5e","RCIA-C-001336","schematic","/schematic","schema-simplifie","","uuid5_brouillon_hors_kit","raccourcia:brouillon:schematic"
"7d78ea98-db9b-5121-9426-fedc4d47ea87","RCIA-C-001337","scientificplate","/scientificplate","planche-scientifique","","uuid5_brouillon_hors_kit","raccourcia:brouillon:scientificplate"
"13bcad3e-d62d-5f47-8865-7b2d49d283ea","RCIA-C-001338","scrapbookdump","/scrapbookdump","scrapbook-photo-dump","","uuid5_brouillon_hors_kit","raccourcia:brouillon:scrapbookdump"
"a89331d5-fade-5276-ae30-6d89c31c2ed3","RCIA-C-001339","screenprint","/screenprint","serigraphie","","uuid5_brouillon_hors_kit","raccourcia:brouillon:screenprint"
"834be8be-84a1-5aae-aea9-becf3056531b","RCIA-C-001340","scribbleoverlay","/scribbleoverlay","griffonnages-sur-photo","","uuid5_brouillon_hors_kit","raccourcia:brouillon:scribbleoverlay"
"a1d415ec-e28d-5eda-a6f3-a2dde3c9c6b6","RCIA-C-001341","seasonalcampaign","/seasonalcampaign","campagne-saisonniere","img-seasonalcampaign","uuid5_brouillon_hors_kit","raccourcia:brouillon:seasonalcampaign"
"3f4dbef5-b140-5908-aab2-28c9c60f6a1e","RCIA-C-001342","seasonshift","/seasonshift","changer-de-saison","","uuid5_brouillon_hors_kit","raccourcia:brouillon:seasonshift"
"610e1713-779c-54fe-919e-039e94137960","RCIA-C-001343","shadowmatch","/shadowmatch","harmoniser-les-ombres","","uuid5_brouillon_hors_kit","raccourcia:brouillon:shadowmatch"
"65a9bcb7-9062-54ea-9d33-700b2344ee86","RCIA-C-001344","shelfmockup","/shelfmockup","produit-en-rayon","img-shelfmockup","uuid5_brouillon_hors_kit","raccourcia:brouillon:shelfmockup"
"1387de7c-943b-5488-b41c-b7b3a0c2dac8","RCIA-C-001345","shotboard","/shotboard","storyboard-de-tournage","","uuid5_brouillon_hors_kit","raccourcia:brouillon:shotboard"
"8ad07beb-81d0-5d54-a409-a66874e45370","RCIA-C-001346","signalpath","/signalpath","chemin-du-signal","","uuid5_brouillon_hors_kit","raccourcia:brouillon:signalpath"
"c7a5dfb9-a346-5d8f-9d32-3e969d8793a5","RCIA-C-001347","signaturelook","/signaturelook","look-signature","","uuid5_brouillon_hors_kit","raccourcia:brouillon:signaturelook"
"0c4183a8-573f-520f-98a5-ffdfbb65a1aa","RCIA-C-001348","univers-les-simpson-canape-familial","/simpsonsworld","univers-les-simpson-canape-familial","","uuid5_brouillon_hors_kit","raccourcia:brouillon:univers-les-simpson-canape-familial"
"886f1eca-af6a-5ad3-8540-6120f0fab9b7","RCIA-C-001349","skinretouch","/skinretouch","retouche-peau-naturelle","","uuid5_brouillon_hors_kit","raccourcia:brouillon:skinretouch"
"1f3a2d96-7fbf-562f-a6b6-830c500a686d","RCIA-C-001350","skyswap","/skyswap","remplacement-de-ciel","","uuid5_brouillon_hors_kit","raccourcia:brouillon:skyswap"
"0bfddaa2-0d2d-54d0-a601-7b3c1410c2c7","RCIA-C-001351","smokeeffect","/smokeeffect","sculpture-de-fumee","","uuid5_brouillon_hors_kit","raccourcia:brouillon:smokeeffect"
"e8539f97-54b8-5577-a59f-5b28f6d9485a","RCIA-C-001352","soundfield","/soundfield","champ-sonore","","uuid5_brouillon_hors_kit","raccourcia:brouillon:soundfield"
"c167376e-d193-5e46-bb6e-8c7b13e1366b","RCIA-C-001353","univers-south-park-discussion-a-l-arret-de-bus","/southparkpaper","univers-south-park-discussion-a-l-arret-de-bus","","uuid5_brouillon_hors_kit","raccourcia:brouillon:univers-south-park-discussion-a-l-arret-de-bus"
"05276638-bb6e-5cc1-86a3-2706690a380d","RCIA-C-001354","specsheet","/specsheet","fiche-technique-visuelle","","uuid5_brouillon_hors_kit","raccourcia:brouillon:specsheet"
"aaca0ce6-757f-55aa-bfea-e403c5ac013f","RCIA-C-001355","splitreality","/splitreality","realite-divisee","","uuid5_brouillon_hors_kit","raccourcia:brouillon:splitreality"
"d8149e97-d450-552f-8746-d609025fe3f9","RCIA-C-001356","stainedglass","/stainedglass","vitrail","","uuid5_brouillon_hors_kit","raccourcia:brouillon:stainedglass"
"e515fdc2-817c-5082-a9bf-e193bca206c5","RCIA-C-001357","stepdiagram","/stepdiagram","etapes-illustrees","","uuid5_brouillon_hors_kit","raccourcia:brouillon:stepdiagram"
"d1b9272e-62ce-577d-8fc2-983007a9f200","RCIA-C-001358","stickerpack","/stickerpack","pack-de-stickers","","uuid5_brouillon_hors_kit","raccourcia:brouillon:stickerpack"
"4011bdee-7d8a-55c4-8276-0e605cf1e26c","RCIA-C-001359","storefront","/storefront","facade-boutique","","uuid5_brouillon_hors_kit","raccourcia:brouillon:storefront"
"2f0e97b4-8956-5e17-b1a2-55054a7cce6a","RCIA-C-001360","storyad","/storyad","publicite-en-story","","uuid5_brouillon_hors_kit","raccourcia:brouillon:storyad"
"d4b558e2-38b7-5bfd-9f7d-68f0eac6f294","RCIA-C-001361","storybook","/storybook","illustration-jeunesse","","uuid5_brouillon_hors_kit","raccourcia:brouillon:storybook"
"a3958c34-81fe-5fba-a801-271de1bbac3d","RCIA-C-001362","streamerkit","/streamerkit","kit-visuel-de-streamer","","uuid5_brouillon_hors_kit","raccourcia:brouillon:streamerkit"
"c4a82904-00ae-586e-8422-75833aeae008","RCIA-C-001363","streetportrait","/streetportrait","portrait-de-rue","","uuid5_brouillon_hors_kit","raccourcia:brouillon:streetportrait"
"cb243dc2-a95b-5e39-8431-30a540589b16","RCIA-C-001364","stressmap","/stressmap","carte-de-contraintes","img-stressmap","uuid5_brouillon_hors_kit","raccourcia:brouillon:stressmap"
"a6a86365-4ef1-566e-8faf-814a7d29c797","RCIA-C-001365","studiorelight","/studiorelight","relighting-studio","","uuid5_brouillon_hors_kit","raccourcia:brouillon:studiorelight"
"d5ed6cc4-6f19-5843-b5a7-109e1d73a856","RCIA-C-001366","styleswapduo","/styleswapduo","echange-de-styles","","uuid5_brouillon_hors_kit","raccourcia:brouillon:styleswapduo"
"8f520bf4-3050-5d47-bdf7-690cc8ae6ed3","RCIA-C-001367","sunpath","/sunpath","course-du-soleil","","uuid5_brouillon_hors_kit","raccourcia:brouillon:sunpath"
"cfe93181-8076-5946-8bc4-3bdabe72adcd","RCIA-C-001368","tabloidfrontpage","/tabloidfrontpage","une-de-tabloid-fictif","","uuid5_brouillon_hors_kit","raccourcia:brouillon:tabloidfrontpage"
"c5574078-a164-57ba-a8d7-993b7b7423b6","RCIA-C-001369","testimonialcard","/testimonialcard","carte-temoignage","","uuid5_brouillon_hors_kit","raccourcia:brouillon:testimonialcard"
"19226010-acf5-5a72-a8ef-436baefe7123","RCIA-C-001370","textremove","/textremove","retirer-un-texte","","uuid5_brouillon_hors_kit","raccourcia:brouillon:textremove"
"c00fa8b0-d179-5960-80dd-db3808884744","RCIA-C-001371","textureclean","/textureclean","texture-propre","","uuid5_brouillon_hors_kit","raccourcia:brouillon:textureclean"
"ff83e26f-0a93-51fc-8b06-5d34f3b2fb18","RCIA-C-001372","timelinevisual","/timelinevisual","frise-chronologique-visuelle","","uuid5_brouillon_hors_kit","raccourcia:brouillon:timelinevisual"
"8e888504-bf1e-5d56-93ec-eb6e5072c355","RCIA-C-001373","tolerancechain","/tolerancechain","chaine-de-tolerances","","uuid5_brouillon_hors_kit","raccourcia:brouillon:tolerancechain"
"95ab851e-aa96-5db3-a2aa-7955053a91d1","RCIA-C-001374","toolpath","/toolpath","parcours-d-outil","","uuid5_brouillon_hors_kit","raccourcia:brouillon:toolpath"
"aae3a043-b58b-5d7c-a17d-5a5b9c4f6665","RCIA-C-001375","tradebooth","/tradebooth","stand-salon","","uuid5_brouillon_hors_kit","raccourcia:brouillon:tradebooth"
"9aa1787a-390e-5d17-b9be-8ca780ba6719","RCIA-C-001376","tradingcard","/tradingcard","ma-carte-legendaire","","uuid5_brouillon_hors_kit","raccourcia:brouillon:tradingcard"
"a2ea57ae-db8e-5e97-a1db-3bfa87880258","RCIA-C-001377","travelpostcard","/travelpostcard","carte-postale-imaginaire","","uuid5_brouillon_hors_kit","raccourcia:brouillon:travelpostcard"
"b60cb28b-bd57-5ef7-8990-71fad3bf6a2b","RCIA-C-001378","troubleshootvisual","/troubleshootvisual","diagnostic-visuel","","uuid5_brouillon_hors_kit","raccourcia:brouillon:troubleshootvisual"
"a2ad63b5-bf37-57f9-aef5-fbd70bfda388","RCIA-C-001379","twinsurprise","/twinsurprise","mon-jumeau-imaginaire","","uuid5_brouillon_hors_kit","raccourcia:brouillon:twinsurprise"
"65006a78-b1d5-5b19-9b79-bb7cad48dbae","RCIA-C-001380","underwater","/underwater","monde-sous-marin","","uuid5_brouillon_hors_kit","raccourcia:brouillon:underwater"
"7060ce2a-db3c-5e32-b510-b819f1c3a1e1","RCIA-C-001381","upscale","/upscale","agrandissement-propre","","uuid5_brouillon_hors_kit","raccourcia:brouillon:upscale"
"9ad8e7c5-aa64-5b85-b908-ff10ef675cf3","RCIA-C-001382","vinylfigure","/vinylfigure","figurine-vinyle","","uuid5_brouillon_hors_kit","raccourcia:brouillon:vinylfigure"
"29d25f28-b075-51e9-93e2-3a52c2431d41","RCIA-C-001383","wallcolor","/wallcolor","couleur-murale","","uuid5_brouillon_hors_kit","raccourcia:brouillon:wallcolor"
"ccfacb2c-39f3-5a65-b674-ffeac70da37d","RCIA-C-001384","wardrobeboard","/wardrobeboard","planche-de-garde-robe","","uuid5_brouillon_hors_kit","raccourcia:brouillon:wardrobeboard"
"35ba4295-3101-536d-b038-8545c3d6b8d3","RCIA-C-001385","watereffect","/watereffect","sculpture-d-eau","","uuid5_brouillon_hors_kit","raccourcia:brouillon:watereffect"
"7faa1025-e38c-578d-9eec-76a47e9efb72","RCIA-C-001386","weatherchange","/weatherchange","changer-la-meteo","","uuid5_brouillon_hors_kit","raccourcia:brouillon:weatherchange"
"453ca59e-7162-53ca-846d-206f3a9a6db6","RCIA-C-001387","webhero","/webhero","hero-de-site","","uuid5_brouillon_hors_kit","raccourcia:brouillon:webhero"
"305ba607-025c-557a-acfd-534135993610","RCIA-C-001388","windowdisplay","/windowdisplay","vitrine-commerciale","","uuid5_brouillon_hors_kit","raccourcia:brouillon:windowdisplay"
"759e9495-0578-5cad-82a3-06da7eb7af13","RCIA-C-001389","wireframe","/wireframe","vue-filaire","img-wireframe","uuid5_brouillon_hors_kit","raccourcia:brouillon:wireframe"
"3de789cf-0030-5354-8bfa-e45a3446472b","RCIA-C-001390","wiringroute","/wiringroute","parcours-de-cablage","","uuid5_brouillon_hors_kit","raccourcia:brouillon:wiringroute"
"1a57636f-3b54-5861-acec-dbdceabdb134","RCIA-C-001391","prdreview","/specification","rediger-une-specification","","uuid5_brouillon_hors_kit","raccourcia:brouillon:prdreview"
"8eeb7a6f-b3f6-5daf-96a5-1a92aeb9b063","RCIA-C-001392","unboxing","/unboxing","scenario-de-deballage","mode-unboxing","uuid5_brouillon_hors_kit","raccourcia:brouillon:unboxing"
"fdb82975-9e50-5794-9779-1b2d0ba42603","RCIA-C-001393","mode-idees-de-sorties","/mode-activites","mode-idees-de-sorties","","uuid5_brouillon_hors_kit","raccourcia:brouillon:mode-idees-de-sorties"
"b7c00854-447d-55d4-b1e0-5c2269ad9f9d","RCIA-C-001394","taxprepchecklist","/mode-fiscalite","mode-assistant-fiscal","","uuid5_brouillon_hors_kit","raccourcia:brouillon:taxprepchecklist"
"893e4e1a-92e1-5b5c-ad97-26c274c2eae6","RCIA-C-001395","premortem","/mode-inverse","mode-reflexion-inversee","mode-premortem","uuid5_brouillon_hors_kit","raccourcia:brouillon:premortem"
"c59f967d-ee66-56cc-bdb1-58dea770c388","RCIA-C-001396","mode-photo-quete","/mode-photoquete","mode-photo-quete","","uuid5_brouillon_hors_kit","raccourcia:brouillon:mode-photo-quete"
"6d774b6d-31ba-532b-a095-d07ef32e2da5","RCIA-C-001397","roast-mon-offre","/mode-roast","mode-roast-bienveillant","mode-roast-mon-offre","uuid5_brouillon_hors_kit","raccourcia:brouillon:roast-mon-offre"
"5166246a-2897-5ab2-9435-860299c244de","RCIA-C-001398","shadowwork","/mode-spirituel","mode-coach-spirituel","mode-shadowwork","uuid5_brouillon_hors_kit","raccourcia:brouillon:shadowwork"
"9a49cded-047b-5fb3-a1c9-ac1d72e0476d","RCIA-C-001399","capsulewardrobe","/mode-style","mode-coach-style","mode-capsulewardrobe","uuid5_brouillon_hors_kit","raccourcia:brouillon:capsulewardrobe"
